Ag,Al,Au,B,Be,C,Ca,Ce,Co,Cr,Cu,Dy,Er,Fe,Gd,Ge,Hf,Ho,In,La,Li,Lu,Mg,Mn,Mo,Nb,Nd,Ni,P,Pb,Pd,Pr,Pt,Sc,Si,Sm,Sn,Sr,Ta,Tb,Ti,Tm,V,Y,Yb,Zn,Zr,AR,AS,Va,delta,EN,G,K,calculate G,calculate K,KG,KK,Vaa,XX,
0,0,0,35,0,0,0,0,56,0,0,0,0,0,0,0,0,0,0,0,0,0,0,0,0,0,0,0,0,0,0,0,0,0,0,0,0,0,9,0,0,0,0,0,0,0,0,118.4,0.02428087,7.821015855,0.208332572,0.0018,93.8,224.1,NA,214.829181,0.997385606,0.150502941,6.952543527,0.039589209,
0,0,0,35,0,0,0,0,58,0,0,0,0,0,0,0,0,0,0,0,0,0,0,0,0,0,0,0,0,0,0,0,0,0,0,0,0,0,7,0,0,0,0,0,0,0,0,118.2,0.024019432,7.771734738,0.207191184,0.0094,91.5,215.7,NA,214.3176068,0.998892397,0.778775951,6.917370523,0.039984051,
0,0,0,0,0,15,0,0,0,10,0,0,2,64,0,0,0,0,0,0,0,0,0,0,9,0,0,0,0,0,0,0,0,0,0,0,0,0,0,0,0,0,0,0,0,0,0,130.65,0.027230557,10.31939359,0.198758642,0.0389,88.2,166.8,NA,102.2389279,0.999293958,4.866349889,9.341505019,0.025619045,
0,0,0,6,0,15,0,0,0,15,0,0,2,48,0,0,0,0,0,0,0,0,0,0,14,0,0,0,0,0,0,0,0,0,0,0,0,0,0,0,0,0,0,0,0,0,0,127.6,0.03179384,9.847898131,0.220376956,0.0595,85.8,191.1,NA,104.6328818,0.996035402,6.954072309,8.70243188,0.02757088,
0,0,0,6,0,15,0,0,7,15,0,0,0,41,0,0,0,0,0,0,0,0,0,0,14,0,0,0,0,0,0,0,0,0,0,0,0,0,0,0,0,0,0,2,0,0,0,127.35,0.031814988,9.804329477,0.221226304,0.0626,84.1,192.5,NA,104.519325,0.995110704,7.269371955,8.651381374,0.02776348,
0,0,0,8,0,13,0,0,0,15,0,0,1,49,0,0,0,0,0,0,0,0,0,0,14,0,0,0,0,0,0,0,0,0,0,0,0,0,0,0,0,0,0,0,0,0,0,127.55,0.029750228,9.761059274,0.213236375,0.0552,82.5,201,NA,113.0554736,0.9966524,6.368964534,8.692205757,0.02795695,
0,0,0,6,0,15,0,0,43,15,0,0,2,5,0,0,0,0,0,0,0,0,0,0,14,0,0,0,0,0,0,0,0,0,0,0,0,0,0,0,0,0,0,0,0,0,0,125.45,0.030438828,9.337038514,0.217362036,0.081,82,,NA,106.1942897,0.986939799,8.761428311,8.26990663,0.029975859,
0,0,0,6,0,15,0,0,0,15,0,0,0,50,0,0,0,0,0,0,0,0,0,0,14,0,0,0,0,0,0,0,0,0,0,0,0,0,0,0,0,0,0,0,0,0,0,126.9,0.030755714,9.628792988,0.215576971,0.0713,82,204,NA,108.4560272,0.991555356,8.065015291,8.559994302,0.028562236,
0,0,0,6,0,15,0,0,0,15,0,0,1,49,0,0,0,0,0,0,0,0,0,0,14,0,0,0,0,0,0,0,0,0,0,0,0,0,0,0,0,0,0,0,0,0,0,127.25,0.03127856,9.73834556,0.218021551,0.0654,81.9,200,NA,106.5101579,0.994001436,7.520323736,8.631017205,0.028059393,
0,0,0,6,0,15,0,0,0,15,0,0,2,48,0,0,0,0,0,0,0,0,0,0,14,0,0,0,0,0,0,0,0,0,0,0,0,0,0,0,0,0,0,0,0,0,0,127.6,0.03179384,9.847898131,0.220376956,0.0595,81,195,NA,104.6328818,0.996035402,6.954072309,8.70243188,0.02757088,
0,0,0,4,0,17,0,0,0,15,0,0,1,49,0,0,0,0,0,0,0,0,0,0,14,0,0,0,0,0,0,0,0,0,0,0,0,0,0,0,0,0,0,0,0,0,0,126.95,0.032801333,9.715631845,0.222721565,0.0756,80.8,200,NA,100.6812448,0.990600908,8.663755639,8.570116486,0.028162451,
0,0,0,3,0,18,0,0,0,15,0,0,1,49,0,0,0,0,0,0,0,0,0,0,14,0,0,0,0,0,0,0,0,0,0,0,0,0,0,0,0,0,0,0,0,0,0,126.8,0.033560627,9.704274987,0.225041336,0.0807,80.2,200,NA,97.99966249,0.988624695,9.232502839,8.539773851,0.028214213,
0,0,0,5.88,0,12.74,0,0,0,9.8,0,0,1.96,58.8,0,0,0,0,0,0,0,0,0,0,8.82,0,0,0,0,2,0,0,0,0,0,0,0,0,0,0,0,0,0,0,0,0,0,129.775,0.029312434,10.27411895,0.211841377,0.035758,79.6,170.7,NA,106.6166847,0.999784471,4.444779945,9.15507111,0.025796512,
0,0,0,5.88,2,12.74,0,0,0,9.8,0,0,1.96,58.8,0,0,0,0,0,0,0,0,0,0,8.82,0,0,0,0,0,0,0,0,0,0,0,0,0,0,0,0,0,0,0,0,0,0,128.275,0.028466579,9.882519425,0.208508205,0.029758,79.2,167.2,NA,109.9087273,0.999991346,3.495762454,8.841270525,0.027419387,
0,0,0,6,0,13,0,0,0,10,0,0,2,60,0,0,0,0,0,0,0,0,0,0,9,0,0,0,0,0,0,0,0,0,0,0,0,0,0,0,0,0,0,0,0,0,0,128.75,0.028657631,9.985243326,0.208220175,0.0371,79.2,169.1,NA,109.5631601,0.999630315,4.424270391,8.939851863,0.026977824,
0,0,0,2,0,19,0,0,0,15,0,0,1,49,0,0,0,0,0,0,0,0,0,0,14,0,0,0,0,0,0,0,0,0,0,0,0,0,0,0,0,0,0,0,0,0,0,126.65,0.034318521,9.69291813,0.22734179,0.0858,78.9,207,NA,95.45721885,0.986467725,9.799273001,8.509502921,0.028266131,
0,0,0,5.7,5,12.35,0,0,0,9.5,0,0,1.9,57,0,0,0,0,0,0,0,0,0,0,8.55,0,0,0,0,0,0,0,0,0,0,0,0,0,0,0,0,0,0,0,0,0,0,127.5625,0.02815426,9.728433573,0.208817689,0.018745,78.8,167.9,NA,110.4311849,0.999540835,2.152292289,8.694761536,0.02810429,
0,0,0,5.88,0,12.74,0,0,0,9.8,0,0,0,58.8,0,0,0,0,0,0,0,0,0,0,8.82,0,0,0,0,0,0,0,0,0,0,0,0,0,0,0,0,0,2,1.96,0,0,0,128.973,0.028314825,10.030461,0.207268253,0.030566,78.1,172.7,NA,109.8634694,0.999973703,3.669098639,8.986384879,0.026787131,
0,0,0,6,0,15,0,0,0,0,0,0,2,63,0,0,0,0,0,0,0,0,0,0,14,0,0,0,0,0,0,0,0,0,0,0,0,0,0,0,0,0,0,0,0,0,0,127.6,0.03179384,9.847898131,0.220376956,0.085,77.8,178,NA,105.2401379,0.985561617,9.934389013,8.70243188,0.02757088,
0,0,0,6,0,15,0,0,0,6,0,0,0,59,0,0,0,0,0,0,0,0,0,0,14,0,0,0,0,0,0,0,0,0,0,0,0,0,0,0,0,0,0,0,0,0,0,126.9,0.030755714,9.628792988,0.215576971,0.0866,77.4,188,NA,108.8466363,0.984121919,9.795656721,8.559994302,0.028562236,
0,0,0,6,0,15,0,0,0,4,0,0,0.5,60.5,0,0,0,0,0,0,0,0,0,0,14,0,0,0,0,0,0,0,0,0,0,0,0,0,0,0,0,0,0,0,0,0,0,127.075,0.031018085,9.683569274,0.216810653,0.08705,76.6,184,NA,107.9434495,0.984017067,9.928098415,8.595456849,0.028308987,
0,0,0,5.7,0,12.35,0,0,0,9.5,0,0,1.9,57,0,0,0,0,0,0,0,0,0,0,8.55,0,0,5,0,0,0,0,0,0,0,0,0,0,0,0,0,0,0,0,0,0,0,129.0625,0.027278881,10.00128089,0.202731438,0.035745,76.6,166.6,NA,111.7496298,0.999628233,4.272641175,9.005106,0.026909936,
0,0,0,5.88,0,12.74,0,0,0,9.8,0,0,1.96,58.8,0,0,0,0,2,0,0,0,0,0,8.82,0,0,0,0,0,0,0,0,0,0,0,0,0,0,0,0,0,0,0,0,0,0,129.275,0.028442805,10.09750908,0.207249285,0.033958,76.3,142.2,NA,0.049977648,0.99984219,4.115947111,9.049659704,0.026508407,
0,0,0,6,0,15,0,0,5.85,6,0,0,0.5,52.65,0,0,0,0,0,0,0,0,0,0,14,0,0,0,0,0,0,0,0,0,0,0,0,0,0,0,0,0,0,0,0,0,0,126.7825,0.030841149,9.614068605,0.216423824,0.086575,76.2,190,NA,108.0807037,0.984183481,9.771065495,8.53623855,0.028630944,
0,0,0,6,0,16,0,0,0,4,0,0,0,50,0,0,0,0,0,0,0,0,0,10,14,0,0,0,0,0,0,0,0,0,0,0,0,0,0,0,0,0,0,0,0,0,0,126.2,0.032155762,9.528220135,0.221098954,0.0692,76.1,180,NA,103.4212761,0.992938738,7.708900478,8.419119503,0.029036984,
0,0,0,3,0,18,0,0,5.85,6,0,0,0.5,52.65,0,0,0,0,0,0,0,0,0,0,14,0,0,0,0,0,0,0,0,0,0,0,0,0,0,0,0,0,0,0,0,0,0,126.3325,0.03311013,9.579998032,0.223472525,0.101875,75.3,187,NA,99.32768769,0.976155981,11.43867191,8.44566558,0.02879097,
0,0,0,2,0,19,0,0,5.85,6,0,0,0.5,52.65,0,0,0,0,0,0,0,0,0,0,14,0,0,0,0,0,0,0,0,0,0,0,0,0,0,0,0,0,0,0,0,0,0,126.1825,0.033863641,9.568641175,0.22578187,0.106975,74.4,188,NA,96.71678811,0.973145245,11.99061237,8.415617581,0.028844637,
0,0,0,23,0,0,0,0,0,0,0,0,0,71,0,0,0,0,0,0,0,0,0,0,0,6,0,0,0,0,0,0,0,0,0,0,0,0,0,0,0,0,0,0,0,0,0,127.65,0.02031221,9.518633041,0.182838997,-0.0355,73.4,182.6,NA,190.5429072,0.984139812,-3.948927138,8.712666021,0.029082913,
0,0,0,23,0,0,0,0,0,0,0,0,0,53.25,0,0,0,0,0,0,0,0,0,0,0,6,0,17.75,0,0,0,0,0,0,0,0,0,0,0,0,0,0,0,0,0,0,0,126.7625,0.01979058,9.307754943,0.18100488,-0.0213,73.4,186.5,NA,192.6724647,0.991328611,-2.293434854,8.5321994,0.030124056,
0,0,0,6,0,15,0,0,6.4,0,0,0,1,57.6,0,0,0,0,0,0,0,0,0,0,14,0,0,0,0,0,0,0,0,0,0,0,0,0,0,0,0,0,0,0,0,0,0,126.93,0.031088187,9.66231064,0.21762317,0.0941,73,177,NA,107.3800854,0.9798878,10.69791879,8.566066655,0.028406834,
0,0,0,6,0,15,0,0,6.425,0,0,0,0.75,57.825,0,0,0,0,0,0,0,0,0,0,14,0,0,0,0,0,0,0,0,0,0,0,0,0,0,0,0,0,0,0,0,0,0,126.84125,0.030955689,9.634625485,0.217005747,0.0955875,73,176,NA,107.8688169,0.978866563,10.82178996,8.548110924,0.028535094,
0,0,0,6,0,15,0,0,6.45,0,0,0,0.5,58.05,0,0,0,0,0,0,0,0,0,0,14,0,0,0,0,0,0,0,0,0,0,0,0,0,0,0,0,0,0,0,0,0,0,126.7525,0.030822701,9.606940331,0.216382451,0.097075,73,175,NA,108.3620176,0.977821704,10.94431345,8.530180303,0.028664304,
0,0,0,6,0,15,0,0,6.475,0,0,0,0.25,58.275,0,0,0,0,0,0,0,0,0,0,14,0,0,0,0,0,0,0,0,0,0,0,0,0,0,0,0,0,0,0,0,0,0,126.66375,0.030689223,9.579255177,0.215753218,0.0985625,73,175,NA,108.859749,0.976753389,11.06549211,8.512274773,0.028794475,
0,0,0,6,0,15,0,0,0,0,0,0,0,65,0,0,0,0,0,0,0,0,0,0,14,0,0,0,0,0,0,0,0,0,0,0,0,0,0,0,0,0,0,0,0,0,0,126.9,0.030755714,9.628792988,0.215576971,0.0968,73,195,NA,109.1086092,0.977957125,10.94941767,8.559994302,0.028562236,
0,0,0,6,0,15,0,0,6.4875,0,0,0,0.125,58.3875,0,0,0,0,0,0,0,0,0,0,14,0,0,0,0,0,0,0,0,0,0,0,0,0,0,0,0,0,0,0,0,0,0,126.619375,0.0306223,9.565412599,0.215436353,0.09930625,73,178,NA,109.1103334,0.976210487,11.12557804,8.503331412,0.028859924,
0,0,0,5,0,7,0,0,0,3,0,0,0,63,0,0,0,0,0,0,0,0,0,0,12,0,0,0,10,0,0,0,0,0,0,0,0,0,0,0,0,0,0,0,0,0,0,128.95,0.020688436,9.76654659,0.179397094,0.0614,68.8,179,NA,63.35733283,0.991486235,7.090110055,8.981578059,0.027932293,
0,0,0,3,0,10,0,0,0,3,0,0,0,68,0,0,0,0,0,0,0,0,0,0,10,0,0,0,6,0,0,0,0,0,0,0,0,0,0,0,0,0,0,0,0,0,0,129.45,0.022615939,9.909949822,0.184099259,0.0578,67.6,172,NA,75.75251931,0.993624869,6.817359675,9.086461141,0.027300325,
0,0,0,6,0,8,0,0,0,2,0,0,0,65,0,0,0,0,0,0,0,0,0,0,9,0,0,0,10,0,0,0,0,0,0,0,0,0,0,0,0,0,0,0,0,0,0,127.55,0.022746271,9.538477435,0.188935345,0.0625,66.8,174,NA,62.3344814,0.991878323,6.973417459,8.692205757,0.028987975,
0,0,0,3,0,10,0,0,0,3,0,0,0,66,0,0,0,0,0,0,0,0,0,0,10,0,0,0,8,0,0,0,0,0,0,0,0,0,0,0,0,0,0,0,0,0,0,128.65,0.023146216,9.76384482,0.187590632,0.065,66.5,172,NA,67.10771714,0.991006966,7.502798266,8.919037316,0.027944429,
0,0,0,0,0,0,0,0,0,0,0,0,0,0,0,0,0,0,0,0,0,0,0,0,0,35,0,60,0,0,0,0,0,0,0,0,5,0,0,0,0,0,0,0,0,0,0,139,0.000615569,11.29161704,0.035244457,-0.096,66.3,267,50.29411765,159.8918919,0.954187673,-13.6895403,11.24949456,0.02224195,
0,0,0,2,0,10,0,0,0,0,0,0,0,66,0,0,0,0,0,0,0,0,0,0,10,0,0,0,12,0,0,0,0,0,0,0,0,0,0,0,0,0,0,0,0,0,0,127.6,0.023420026,9.560850811,0.190559774,0.0824,66.1,176,NA,54.58804467,0.982327101,9.225120366,8.70243188,0.028881546,
0,0,0,3,0,10,0,0,0,3,0,0,0,64,0,0,0,0,0,0,0,0,0,0,10,0,0,0,10,0,0,0,0,0,0,0,0,0,0,0,0,0,0,0,0,0,0,127.85,0.023637824,9.617739818,0.190891521,0.0722,66,174,NA,60.23388597,0.987937617,8.153192033,8.75368282,0.028613788,
0,0,0,2,0,10,0,0,0,3,0,0,0,63,0,0,0,0,0,0,0,0,0,0,10,0,0,0,12,0,0,0,0,0,0,0,0,0,0,0,0,0,0,0,0,0,0,127.6,0.023420026,9.560850811,0.190559774,0.0773,65.3,178,NA,54.5551984,0.985200053,8.65414811,8.70243188,0.028881546,
0,0,0,5,0,7,0,0,0,3,0,0,0,63,0,0,0,0,0,0,0,0,0,0,12,0,0,0,10,0,0,0,0,0,0,0,0,0,0,0,0,0,0,0,0,0,0,128.95,0.020688436,9.76654659,0.179397094,0.0614,65.2,174,NA,63.35733283,0.991486235,7.090110055,8.981578059,0.027932293,
0,0,0,23,0,0,0,0,0,0,0,0,0,35.5,0,0,0,0,0,0,0,0,0,0,0,6,0,35.5,0,0,0,0,0,0,0,0,0,0,0,0,0,0,0,0,0,0,0,125.875,0.019219931,9.096876846,0.178812192,-0.0071,64.9,203.8,NA,194.8501612,0.996420558,-0.739431766,8.354242164,0.031227633,
0,0,0,0,0,9,0,0,0,0,0,0,0,80,0,0,0,0,0,0,0,0,0,0,0,0,0,0,11,0,0,0,0,0,0,0,0,0,0,0,0,0,0,0,0,0,0,129.3,0.019888055,9.785307134,0.173369952,0.0344,61,148,NA,57.36196319,0.998908603,3.983407631,9.054910957,0.027848262,
0,0,0,0,0,0,0,0,0,0,0,0,0,0,0,0,0,0,0,0,0,0,0,0,0,27.2,0,60,0,0,0,0,0,0,0,0,6,0,6.8,0,0,0,0,0,0,0,0,139,0.000615569,11.29161704,0.035244457,-0.0992,59.4,189,51.62230272,158.5334743,0.951280039,-14.14585831,11.24949456,0.02224195,
0,0,0,2.5,0,5,0,0,0,2,0,0,0,68,0,0,0,0,0,0,0,0,0,0,5,0,0,5,12.5,0,0,0,0,0,0,0,0,0,0,0,0,0,0,0,0,0,0,130.125,0.016108088,9.859378034,0.158542189,0.03335,57.9,149.7,NA,56.89226472,0.998460177,3.904394625,9.229344071,0.027520496,
0,0,0,2.5,0,5,0,0,0,0,0,0,0,70,0,0,0,0,0,0,0,0,0,0,5,0,0,5,12.5,0,0,0,0,0,0,0,0,0,0,0,0,0,0,0,0,0,0,130.125,0.016108088,9.859378034,0.158542189,0.03675,57.3,150.1,NA,56.91607417,0.997794759,4.302443852,9.229344071,0.027520496,
0,0,0,2.5,0,5,0,0,0,0,0,0,0,70,0,0,0,0,0,0,0,0,0,0,5,0,0,5,12.5,0,0,0,0,0,0,0,0,0,0,0,0,0,0,0,0,0,0,130.125,0.016108088,9.859378034,0.158542189,0.03675,57.3,150.1,NA,56.91607417,0.997794759,4.302443852,9.229344071,0.027520496,
0,0,0,2.5,0,5,0,0,0,0,0,0,0,74.5,0,0,0,0,0,0,0,0,0,0,5.5,0,0,0,12.5,0,0,0,0,0,0,0,0,0,0,0,0,0,0,0,0,0,0,130.4,0.016225372,9.925160367,0.158992201,0.0344,56.9,145,NA,56.88801103,0.998289422,4.066448145,9.287982394,0.027234667,
0,0,0,0,0,0,0,0,3,0,0,0,0,0,0,0,8,0,0,0,0,0,0,0,0,28,0,56,0,0,0,0,0,0,0,0,5,0,0,0,0,0,0,0,0,0,0,139.9,0.001019618,11.54253604,0.045763712,-0.124,52.9,173.8,48.58782747,153.5113033,0.925984825,-18.25668979,11.46942782,0.021487558,
0,15,0,0,23.375,0,0,0,0,0,6.375,0,0,0,0,0,0,0,0,0,0,0,0,0,0,0,0,8.5,0,0,0,0,0,0,0,0,0,0,0,0,7.0125,0,0,0,0,0,39.7375,138.291875,0.015517953,12.10688788,0.17498872,-0.36592625,48.4,116.9,21.24363661,92.20176424,0.595713461,-57.7495198,11.07843985,0.019936042,
0,0,0,0,0,0,0,0,0,0,0,0,0,0,0,0,0,0,0,0,0,0,0,0,0,50,0,50,0,0,0,0,0,0,0,0,0,0,0,0,0,0,0,0,0,0,0,140,0.000638162,11.53802262,0.035714286,-0.145,48.1,,50.66666667,174.8571429,0.902580431,-21.33640799,11.49404032,0.021500756,
0,0,0,0,0,0,0,0,0,0,0,0,0,0,0,0,0,0,0,0,0,0,0,0,0,6,0,59,0,0,0,0,0,0,3,0,2,0,0,0,11,0,0,0,0,0,19,144.9,0.0073552,13.39352054,0.126783305,-0.15,47.5,159.2,NA,111.2003558,0.888405453,-27.41916184,12.74364796,0.017012778,
0,10,0,0,0,0,0,0,0,0,5,0,0,0,0,0,0,0,0,0,0,0,0,0,0,0,0,40,0,0,0,0,0,0,0,0,0,0,0,0,16.5,0,0,0,0,0,28.5,148.775,0.009094943,14.64200255,0.139927043,-0.23365,45.2,140.2,12.86737755,91.14939204,0.774695568,-48.62324104,13.79362726,0.014791331,
0,10,0,0,24.75,0,0,0,0,0,6.75,0,0,0,0,0,0,0,0,0,0,0,0,0,0,0,0,9,0,0,0,0,0,0,0,0,0,0,0,0,7.425,0,0,0,0,0,42.075,139.07375,0.016124375,12.33780888,0.177453742,-0.3703925,44.5,113.8,21.01746758,93.37266352,0.589870791,-60.0831951,11.26741018,0.019353356,
0,12,0,0,24.2,0,0,0,0,0,6.6,0,0,0,0,0,0,0,0,0,0,0,0,0,0,0,0,8.8,0,0,0,0,0,0,0,0,0,0,0,0,7.26,0,0,0,0,0,41.14,138.761,0.015885619,12.24544048,0.176500779,-0.368606,44.1,112.6,21.10735483,92.90075314,0.59219633,-59.14333409,11.19156631,0.019583043,
0,10,0,0,27.5,0,0,0,0,0,7.5,0,0,0,0,0,0,0,0,0,0,0,0,0,0,0,0,0,0,0,0,0,0,0,0,0,0,0,0,0,30,0,0,0,0,0,25,147.25,0.026602243,15.44346735,0.226761833,-0.34625,43.7,101.7,8.182596145,72.5450309,0.605744686,-77.86551303,13.37379062,0.013604126,
0,13,0,0,0,0,0,0,0,0,29.25,0,0,0,0,0,48,0,0,0,0,0,0,0,0,0,0,9.75,0,0,0,0,0,0,0,0,0,0,0,0,0,0,0,0,0,0,0,143.3,0.003358329,12.57019289,0.08141395,-0.324725,43.1,130.3,35.24024807,114.8749894,0.660646067,-54.12465975,12.32614239,0.018794603,
0,13,0,0,0,0,0,0,0,0,29.25,0,0,0,0,0,46,0,0,0,0,0,0,0,0,2,0,9.75,0,0,0,0,0,0,0,0,0,0,0,0,0,0,0,0,0,0,0,143.1,0.003295508,12.51362327,0.080709007,-0.318725,43.1,128.9,35.41541269,115.7280972,0.668398464,-52.77716002,12.27460458,0.018928167,
0,9,0,0,0,0,0,0,0,0,49,0,0,0,0,0,42,0,0,0,0,0,0,0,0,0,0,0,0,0,0,0,0,0,0,0,0,0,0,0,0,0,0,0,0,0,0,142.5,0.002970573,12.33763125,0.077113196,-0.2781,42.7,128.9,36.14039152,117.6139561,0.722396284,-45.11102848,12.12085351,0.019353793,
0,12,0,0,0,0,0,0,0,0,27.25,0,0,0,0,0,49,0,0,0,0,0,0,0,0,0,0,9.75,0,0,0,0,0,0,0,0,0,0,2,0,0,0,0,0,0,0,0,143.8,0.003261147,12.693647,0.080065858,-0.335825,42.4,127.6,35.46281498,115.9879123,0.646760873,-56.77628914,12.45561763,0.018508419,
0,0,0,0,28,0,0,0,0,0,10,0,0,0,0,0,0,0,0,0,0,0,0,0,0,0,0,11,0,0,0,0,0,0,0,0,0,0,0,0,15,0,0,2,0,0,34,142.55,0.020798926,13.62371027,0.201523124,-0.3407,41.7,103.7,14.22564072,88.34658758,0.619256726,-63.84135831,12.13361678,0.016563657,
0,13,0,0,0,0,0,0,0,0,0,0,0,0,0,0,62,0,0,0,0,0,0,0,0,0,0,25,0,0,0,0,0,0,0,0,0,0,0,0,0,0,0,0,0,0,0,146.1,0.003368266,13.31114798,0.080344959,-0.4072,41.3,128.8,34.5349894,114.4717624,0.562985055,-73.76881111,13.06288962,0.017178358,
0,5,0,0,26.125,0,0,0,0,0,7.125,0,0,0,0,0,0,0,0,0,0,0,0,0,0,0,0,9.5,0,0,0,0,0,0,0,0,0,0,0,0,7.8375,0,0,0,0,0,44.4125,139.855625,0.016699189,12.56872988,0.179651919,-0.37485875,40.5,115.8,20.7960636,94.57368458,0.584123643,-62.47029725,11.45851729,0.018798038,
0,0,0,0,22.05,0,0,0,0,0,12.25,0,0,0,0,0,0,0,0,0,0,0,0,0,0,0,0,9.8,0,0,0,0,0,0,0,0,0,0,0,0,13.72,0,0,2,0,0,40.18,144.867,0.017805683,14.0396384,0.184881628,-0.352827,40.2,,14.82425844,88.02809204,0.608363433,-69.07071933,12.7349431,0.015799786,
0,10,0,0,0,0,0,0,0,0,0,0,0,0,0,0,0,0,0,0,0,0,0,0,0,0,0,45,0,0,0,0,0,0,0,0,0,0,0,0,20,0,0,0,0,0,25,150,0.010169176,15.10163589,0.147572957,-0.223,40.2,108.7,11.26487218,88.43405208,0.787857323,-48.54172739,14.13716694,0.014090692,
0,10,0,0,0,0,0,0,0,0,2,0,0,0,0,0,0,0,0,0,0,0,0,0,0,0,0,40,0,0,2,0,0,0,0,0,0,0,0,0,18.4,0,0,0,0,0,27.6,149.74,0.009583066,14.96820407,0.143268517,-0.22784,39.8,131.2,11.89648451,89.22665458,0.782010896,-48.95893441,14.06378102,0.014288399,
0,5,0,0,27.5,0,0,0,0,0,7.5,0,0,0,0,0,0,0,0,0,0,0,0,0,0,0,0,0,0,0,0,0,0,0,0,0,0,0,0,0,30,0,0,0,0,0,30,148.75,0.025981896,15.81433236,0.222046003,-0.36025,39.7,98.3,8.210000214,73.0202633,0.590197448,-83.86028743,13.78667483,0.013106603,
0,10,0,0,0,0,0,0,0,0,4,0,0,0,0,0,0,0,0,0,0,0,0,0,0,0,0,40,0,0,0,0,0,0,0,0,0,0,0,0,18.4,0,0,0,0,0,27.6,149.64,0.009642372,14.94444316,0.143743481,-0.23384,39.6,132.3,11.90184777,88.97462574,0.773682083,-50.13220859,14.03562343,0.014324082,
0,0,0,0,22.5,1,0,0,0,0,12.5,0,0,0,0,0,0,0,0,0,0,0,0,0,0,0,0,9,0,0,0,0,0,0,0,0,0,0,0,0,14,0,0,0,0,0,41,143.5,0.019687259,13.73891771,0.192112178,-0.33975,39.5,130.4,NA,88.17128017,0.621741301,-64.44811711,12.37782427,0.016346115,
0,10,0,0,0,0,0,0,0,0,0,0,0,0,0,0,0,0,0,0,0,0,0,0,0,0,0,44,0,0,0,0,0,0,0,0,0,0,0,0,18.4,0,0,0,0,0,27.6,149.64,0.009642372,14.94444316,0.143743481,-0.23344,39.5,107.3,11.94549753,89.48011525,0.774231814,-50.04645387,14.03562343,0.014324082,
0,0,0,0,30,0,0,0,0,5,0,0,0,0,0,0,0,0,0,0,0,0,0,0,0,0,0,0,0,0,0,0,0,0,0,0,0,0,0,0,45,0,0,0,0,0,20,155,0.030309035,18.07803313,0.233731883,-0.351,39.2,114.5,5.900317615,65.11249284,0.59586996,-99.26860485,15.59853112,0.010623623,
0,10,0,0,15,0,0,0,0,0,15,0,0,0,0,0,0,0,0,0,0,0,0,0,0,0,0,10,0,0,0,0,0,0,0,0,0,0,0,0,0,0,0,0,0,0,50,139.5,0.009107922,11.92124456,0.129181515,-0.3625,38.8,110.9,40.69205448,102.2658227,0.607211421,-55.93726244,11.37132919,0.020425613,
0,0,0,0,22.5,0,0,0,0,0,12.5,0,0,10,0,0,0,0,0,0,0,0,0,0,0,0,0,0,0,0,0,0,0,0,0,0,0,0,0,0,14,0,0,0,0,0,41,144.65,0.017464695,13.94641467,0.182825761,-0.35415,38.7,109.8,14.71616923,89.87336953,0.607203428,-68.66093517,12.67780079,0.015965913,
0,0,0,0,0,0,0,0,0,0,0,0,0,16,0,0,0,0,0,0,0,0,0,0,0,0,0,0,20,0,64,0,0,0,0,0,0,0,0,0,0,0,0,0,0,0,0,132,0.008453947,10.0329903,0.121212121,0.2388,37.9,169.8,NA,44.09452945,0.791735467,28.67571854,9.63408343,0.026776529,
0,0,0,0,0,0,0,0,0,0,0,0,0,0,0,0,0,0,0,0,0,0,0,0,0,0,0,64,20,0,16,0,0,0,0,0,0,0,0,0,0,0,0,0,0,0,0,128.8,0.007188131,9.272641101,0.112660603,0.1124,37.9,169.8,NA,44.19642857,0.946212918,12.03613321,8.95027127,0.030303346,
0,0,0,0,0,0,0,0,0,0,50.4,0,0,0,0,0,0,0,0,0,0,0,0,0,0,0,0,5.6,0,0,0,0,0,0,0,0,0,0,0,0,31,0,0,0,0,0,13,154.65,0.011987896,16.7057488,0.158867325,-0.16034,37.4,115.1,7.943409766,79.37965647,0.869549504,-40.425052,15.49310208,0.012025426,
0,23.5,0,0,0,0,0,0,0,0,0,0,0,0,0,0,0,0,0,0,0,0,0,0,0,0,0,23.5,0,0,0,0,0,0,0,0,0,0,0,0,0,0,0,0,0,0,53,143.25,0.004182742,12.6117195,0.090329943,-0.3679,37.4,126.5,35.47209635,95.9657156,0.606651315,-61.61591691,12.31324444,0.018697535,
0,0,0,0,27.5,0,0,0,0,0,7.5,0,0,0,0,0,0,0,0,0,0,0,0,0,0,0,0,10,0,0,0,0,0,0,0,0,0,0,0,0,8.25,0,0,0,0,0,46.75,140.6375,0.017242747,12.79965089,0.181600173,-0.379325,37.2,111.9,20.57927566,95.80600488,0.578470803,-64.91118777,11.6517732,0.018268334,
0,0,0,0,26.25,0,0,0,0,0,10.15,0,0,0,0,0,0,0,0,0,0,0,0,0,0,0,0,8.6,0,0,0,0,0,0,0,0,0,0,0,0,9.6,0,0,0,0,0,45.4,141.485,0.017360778,13.04514986,0.18242746,-0.371425,37,111.9,18.76944208,94.21822694,0.587276778,-65.34050944,11.86369046,0.017731479,
0,0,0,0,0,0,0,0,0,0,60,0,0,0,0,0,10,0,0,0,0,0,0,0,0,0,0,0,0,0,0,0,0,0,0,0,0,0,0,0,10,0,0,0,0,0,20,146.5,0.006130619,13.73624736,0.116291638,-0.202,36.9,128.2,17.35863235,102.1125675,0.822097895,-38.30710343,13.17047637,0.016351104,
0,0,0,0,27.5,0,0,0,0,0,15,0,0,0,0,0,0,0,0,0,0,0,0,0,0,0,0,0,0,0,0,0,0,0,0,0,0,0,0,0,24,0,0,0,0,0,33.5,146.65,0.023585291,15.00031429,0.212569696,-0.3489,36.8,113,9.893728083,79.52269387,0.606176863,-75.20680752,13.21097319,0.014240408,
0,2,0,0,27.5,0,0,0,0,0,7.5,0,0,0,0,0,0,0,0,0,0,0,0,0,0,0,0,0,0,0,0,0,0,0,0,0,0,0,0,0,30,0,0,0,0,0,33,149.65,0.025560745,16.03685137,0.219029056,-0.36865,36.7,161,8.226530939,73.3084032,0.581123036,-87.57841299,14.0384375,0.012822214,
0,0,0,0,0,0,0,0,0,0,0,0,0,0,0,0,0,0,0,0,0,0,0,0,0,0,0,80,20,0,0,0,0,0,0,0,0,0,0,0,0,0,0,0,0,0,0,128,0.006776404,9.082553801,0.109375,0.066,36.7,97.2,NA,44.19642857,0.982183887,6.857865864,8.784529756,0.031304983,
0,0,0,0,0,0,0,0,0,0,60,0,0,0,0,0,0,0,0,0,0,0,0,0,0,0,0,0,0,0,0,0,0,0,0,0,1,0,0,0,10,0,0,0,0,0,29,146.4,0.006114706,13.70796255,0.116228654,-0.1927,36.6,100.7,17.37386399,99.21457752,0.834679641,-36.43403139,13.14352451,0.016404105,
0,0,0,0,22.5,0,0,0,0,0,12.5,0,0,0,0,0,0,0,0,0,0,0,0,0,0,0,0,10,0,0,0,0,0,0,0,0,0,0,0,0,14,0,0,0,0,0,41,144.15,0.017638852,13.82761011,0.184362691,-0.34615,36.5,175,14.69534838,90.1381086,0.616508124,-66.27977778,12.5467877,0.016181807,
0,0,0,0,0,0,0,0,0,0,0,0,0,0,0,0,0,0,0,0,0,0,0,0,0,0,0,40,20,0,40,0,0,0,0,0,0,0,0,0,0,0,0,0,0,0,0,130,0.007733533,9.55777205,0.116659622,0.182,36.5,115.3,NA,44.19642857,0.867055917,20.36633462,9.20277208,0.028896153,
0,0,0,0,22,0,0,0,0,0,13,0,0,0,0,0,0,0,0,0,0,0,0,0,0,10,0,10,0,0,0,0,0,0,0,0,0,0,0,0,0,0,0,0,0,0,45,138.4,0.01084889,11.73351346,0.140188307,-0.3581,36.4,117.9,45.53997004,112.6340951,0.610357498,-53.99712136,11.10444557,0.020941024,
0,0,0,0,22.5,0,0,0,0,0,12.5,0,0,5,0,0,0,0,0,0,0,0,0,0,0,0,0,5,0,0,0,0,0,0,0,0,0,0,0,0,14,0,0,0,0,0,41,144.4,0.017553272,13.88701239,0.183601612,-0.35015,36.3,121.4,14.70575143,90.00554439,0.611836764,-67.46515012,12.61218083,0.016073267,
0,10,0,0,0,0,0,0,0,0,45,0,0,0,0,0,0,0,0,0,0,0,0,0,0,0,0,0,0,0,0,0,0,0,0,0,0,0,0,0,0,0,0,0,0,0,45,143,0.003098304,12.47515971,0.078496309,-0.2855,36.3,112.3,37.23352319,103.6945158,0.712282897,-47.06424874,12.24888964,0.019019872,
0,0,0,0,22.5,0,0,0,0,0,12.5,0,0,2,0,0,0,0,0,0,0,0,0,0,0,0,0,8,0,0,0,0,0,0,0,0,0,0,0,0,14,0,0,0,0,0,41,144.25,0.017604981,13.85137102,0.184060029,-0.34775,36.1,112.3,14.69950783,90.08503608,0.61463503,-66.75267887,12.57291776,0.016138247,
0,10,0,0,12.5,0,0,0,0,0,15,0,0,0,0,0,0,0,0,0,0,0,0,0,0,0,0,10,0,0,0,0,0,0,0,0,0,0,0,0,0,0,0,0,0,0,52.5,140.75,0.008291969,12.18998163,0.12294325,-0.3685,35.9,112,39.77249508,101.3148525,0.60112402,-58.73720672,11.67975734,0.019723101,
0,0,0,0,25,0,0,0,0,0,25,0,0,0,0,0,0,0,0,0,0,0,0,0,0,0,0,0,0,0,0,0,0,0,0,0,0,0,0,0,0,0,0,0,0,0,50,137.5,0.012102576,11.5880263,0.148824596,-0.3675,35.8,108.9,44.93617021,106.4893617,0.59784933,-54.41796234,10.88921829,0.021355273,
0,0,0,0,35,0,0,0,0,0,0,0,0,0,0,0,0,0,0,0,0,0,0,0,0,0,0,0,0,0,0,0,0,0,0,0,0,0,0,0,45,0,0,0,0,0,20,153.25,0.033338596,17.74578352,0.246167422,-0.3555,35.7,111.4,5.902267646,64.80817875,0.587216533,-97.8633325,15.07613643,0.010937563,
0,0,0,0,25,0,0,0,0,0,9.3,0,0,0.5,0,0,0,0,0,0,0,0,0,0,0,0,0,10.2,0,0,0,0,0,0,0,0,0,0,0,0,11,0,0,0,0,0,44,142.375,0.017457841,13.30315525,0.183086364,-0.36343,35.7,112.2,17.28501865,93.0961687,0.596357891,-65.78188115,12.08898449,0.017194565,
0,0,0,0,20,0,0,0,0,0,12,0,0,0,0,0,0,0,0,0,0,0,0,0,0,0,0,3,0,0,0,0,0,0,0,0,0,0,0,0,40,0,0,0,0,0,25,156,0.023606812,17.90770644,0.207617112,-0.3202,35.5,172.6,6.458163198,68.00174153,0.640878992,-89.31878332,15.90239015,0.010782693,
0,0,0,0,0,0,0,0,0,0,30,0,0,0,0,0,0,0,0,0,0,0,0,0,0,0,0,10,20,0,40,0,0,0,0,0,0,0,0,0,0,0,0,0,0,0,0,130,0.007733533,9.55777205,0.116659622,0.179,35.5,109.6,NA,43.2854466,0.870910148,20.0306258,9.20277208,0.028896153,
0,0,0,0,25,0,0,0,0,0,20,0,0,0,0,0,0,0,0,0,0,0,0,0,0,0,0,0,0,0,0,0,0,0,0,0,0,0,0,0,11,0,0,0,0,0,44,142.35,0.017464071,13.29721502,0.183151276,-0.3641,35.3,159.4,17.04168204,91.66081049,0.595574712,-65.86034482,12.0826174,0.017206626,
0,0,0,0,0,0,0,0,0,0,30,0,0,0,0,0,0,0,0,0,0,0,0,0,0,0,0,10,21,0,39,0,0,0,0,0,0,0,0,0,0,0,0,0,0,0,0,129.6,0.008016589,9.484719549,0.118997393,0.1789,35.3,111.2,4.7619E-06,41.74321597,0.871400357,19.79737812,9.118084527,0.029246341,
0,16,0,0,0,0,0,0,0,0,18.648,0,0,0,0,0,0,0,0,0,0,0,0,0,0,0,0,11.172,0,0,0,0,0,0,0,0,0,0,0,0,4.704,0,0,0,0,0,49.476,145.8824,0.005412658,13.45127592,0.105700905,-0.3404672,35.3,113.3,23.09384904,92.81469437,0.638310706,-62.62632872,13.00460926,0.016898235,
0,0,0,0,24,0,0,0,0,0,12,0,0,8,0,0,0,0,0,0,0,0,0,0,0,8,0,0,0,0,0,0,0,0,0,0,0,0,0,0,0,0,0,0,0,0,48,138.6,0.01169448,11.82891315,0.145206389,-0.3824,35.2,113.6,45.56948562,109.9019621,0.581254199,-58.34443161,11.15265583,0.02067648,
0,0,0,0,22,0,0,0,0,0,13,0,0,8,0,0,0,0,0,0,0,0,0,0,0,8,0,4,0,0,0,0,0,0,0,0,0,0,0,0,0,0,0,0,0,0,45,138.6,0.010812702,11.77927599,0.139725465,-0.3583,35.1,114.9,46.25656632,112.3858896,0.61016322,-54.33404006,11.15265583,0.020813437,
0,0,0,0,22.5,0,0,0,0,0,12.5,0,0,8,0,0,0,0,0,0,0,0,0,0,0,0,0,2,0,0,0,0,0,0,0,0,0,0,0,0,14,0,0,0,0,0,41,144.55,0.017500485,13.92265376,0.183137877,-0.35255,35,98.4,14.71200034,89.92619286,0.609052187,-68.18136995,12.65152556,0.016008713,
0,0,0,0,0,0,0,0,0,0,60,0,0,0,0,0,0,0,0,0,0,0,0,0,0,0,0,0,0,0,0,0,0,0,0,0,0,0,0,0,7,0,0,0,0,0,33,145.45,0.005045544,13.34227593,0.105293528,-0.2077,34.9,122.2,21.05263158,103.4808767,0.81582419,-37.75524748,12.88931347,0.017115478,
0,9,0,0,0,0,0,0,0,0,45,0,0,0,0,0,0,0,0,0,0,0,0,0,0,0,0,0,0,0,0,0,0,0,0,0,0,0,0,0,0,0,0,0,0,0,46,143.3,0.003042894,12.54933271,0.077742266,-0.2883,34.9,118.6,37.34697209,103.887804,0.708613914,-47.93743633,12.32614239,0.018843675,
0,10,0,0,0,0,0,0,0,0,15,0,0,0,0,0,0,0,0,0,0,0,0,0,0,9,0,11,0,0,0,0,0,0,0,0,0,0,0,0,0,0,0,0,0,0,55,145.9,0.002928788,13.22617838,0.07514133,-0.3684,34.8,117.3,36.42508218,102.2731128,0.60754093,-66.12086501,13.00931666,0.01735194,
0,0,0,0,21.5,0,0,0,0,0,11,0,0,0,0,0,0,0,0,0,0,0,0.5,0,0,0,0,11,0,0,0,0,0,0,0,0,0,0,0,0,15,0,0,1,0,0,40,145.325,0.017804284,14.17388954,0.184898801,-0.3496,34.7,109.9,13.93938107,87.41631835,0.612192355,-69.39324176,12.85611072,0.015565469,
0,19.4,0,0,0,0,0,0,0,0,0,0,0,0,0,0,0,0,0,0,0,0,0,0,0,0,0,24.8,0,0,0,0,0,0,0,0,0,0,0,0,0,0,0,0,0,0,55.8,144.22,0.003907686,12.84702584,0.087044441,-0.37184,34.6,113.9,36.18758408,97.35848471,0.602345344,-63.97323575,12.56507494,0.01816268,
0,0,0,0,27.5,0,0,0,0,0,7.5,0,0,0,0,0,0,0,0,0,0,0,0,0,0,0,0,0,0,0,0,0,0,0,0,0,0,0,0,0,30,0,0,0,0,0,35,150.25,0.025259856,16.18519737,0.216938791,-0.37425,34.5,96.5,8.237588455,73.50176313,0.575178416,-90.10811168,14.20797065,0.012638186,
0,0,0,0,18,0,0,0,0,0,14,0,0,0,0,0,0,0,0,0,0,0,0,0,0,8,0,12,0,0,0,0,0,0,0,0,0,0,0,0,0,0,0,0,0,0,48,140,0.009575362,12.06128629,0.131125427,-0.3558,34.4,111.6,44.42476309,111.4030398,0.61461069,-55.84403828,11.49404032,0.020054508,
0,10,0,0,10,0,0,0,0,0,15,0,0,0,0,0,0,0,0,0,0,0,0,0,0,0,0,10,0,0,0,0,0,0,0,0,0,0,0,0,0,0,0,0,0,0,55,142,0.00739714,12.45871871,0.115930124,-0.3745,34.4,103.2,38.89357768,100.3814055,0.595189354,-61.6174458,11.99371273,0.019059293,
0,6.72,0,0,0,0,0,0,0,0,44.16,0,0,0,0,0,0,0,0,0,0,0,0,0,0,0,0,0,0,0,0,0,0,0,0,0,4,0,0,0,0,0,0,4.8,0,0,40.32,144.952,0.003930342,13.07362892,0.08999152,-0.279552,34.4,118.4,35.62373366,95.41346244,0.719148422,-49.33462199,12.75737275,0.017670874,
0,0,0,0,0,0,0,0,0,0,0,0,0,24,0,0,0,0,0,0,0,0,0,0,0,0,0,0,20,0,56,0,0,0,0,0,0,0,0,0,0,0,0,0,0,0,0,132,0.008453947,10.0329903,0.121212121,0.2092,34.3,116.4,NA,44.04375589,0.832081589,25.12127436,9.63408343,0.026776529,
0,8,0,0,0,0,0,0,0,0,46,0,0,0,0,0,0,0,0,0,0,0,0,0,0,0,0,0,0,0,0,0,0,0,0,0,0,0,0,0,0,0,0,0,0,0,46,143.4,0.002970877,12.57058035,0.076847851,-0.2854,34.3,161.2,37.59447913,104.5410697,0.712587378,-47.57216275,12.35196531,0.018793693,
0,0,0,0,20.5,0,0,0,0,0,12.5,0,0,12,0,0,0,0,0,0,0,0,0,0,0,0,0,5,0,0,0,0,0,0,0,0,0,0,0,0,14,0,0,0,0,0,36,144.35,0.016542445,13.81468769,0.17899218,-0.31995,34,112.7,14.88369939,92.59119177,0.650012125,-61.17979835,12.59908407,0.016205578,
0,14.3,0,0,0,0,0,0,0,0,18.854,0,0,0,0,0,0,0,0,0,0,0,0,0,0,0,0,11.141,0,0,0,0,0,0,0,0,0,0,0,0,5.142,0,0,0,0,0,50.563,146.5107,0.005403409,13.62562791,0.105651393,-0.3429626,34,113.4,22.43146057,92.6883097,0.635242598,-64.27849209,13.1733624,0.016559997,
0,16,0,0,0,0,0,0,28,0,0,0,0,0,0,0,0,0,0,0,0,0,0,0,0,0,0,0,0,0,0,0,0,0,0,0,0,0,0,0,0,0,0,0,0,0,56,144.6,0.003646108,12.92985288,0.084086773,-0.3712,33.9,113.1,37.23441189,99.75604582,0.603401776,-64.46298696,12.66465863,0.017980347,
0,0,0,0,0,0,0,0,0,0,0,0,0,0,0,0,0,0,0,0,0,0,0,0,0,0,0,15,25,0,0,0,60,0,0,0,0,0,0,0,0,0,0,0,0,0,0,126.25,0.008015438,8.776693576,0.120043125,0.302,33.8,112.3,NA,38.2127124,0.705092382,29.85582534,8.429130345,0.033034705,
0,15,0,0,0,0,0,0,0,0,20,0,0,0,0,0,0,0,0,0,0,0,0,0,0,0,0,12,0,0,0,0,0,0,0,0,0,0,0,0,5,0,0,0,0,0,53,153.6,0.056767906,14.22887003,0.112892953,-0.3584,33.8,113.8,22.01062977,88.85381907,0.557997992,-71.54184305,15.17966742,0.015471145,
0,14.7,0,0,0,0,0,0,0,0,19.6,0,0,0,0,0,0,0,0,0,0,0,0,0,0,0,0,9.8,0,0,0,0,0,0,0,0,0,0,0,0,0,0,0,2,0,0,53.9,145.21,0.004002791,13.12879214,0.088875792,-0.36248,33.8,201.9,35.55022489,95.31561998,0.613289566,-64.36259486,12.8256146,0.017554445,
0,6,0,0,0,0,0,0,0,0,47,0,0,0,0,0,0,0,0,0,0,0,0,0,0,0,0,0,0,0,0,0,0,0,0,0,0,0,0,0,0,0,0,0,0,0,47,143.8,0.00283567,12.66600099,0.075078551,-0.2853,33.8,110.6,37.96250207,105.4015598,0.712902348,-48.08152888,12.45561763,0.018571884,
0,19,0,0,0,0,0,0,0,0,0,0,0,0,0,0,0,0,0,0,0,0,0,0,0,0,0,21,0,0,0,0,0,0,0,0,0,0,0,0,0,0,0,0,0,0,60,145.1,0.003880776,13.07781143,0.086351241,-0.395,33.5,109.1,35.39488683,95.37572254,0.575880688,-69.74103594,12.79648956,0.017662002,
0,12,0,0,0,0,0,0,0,0,19.536,0,0,0,0,0,0,0,0,0,0,0,0,0,0,0,0,11.704,0,0,0,0,0,0,0,0,0,0,0,0,4.928,0,0,0,0,0,51.832,146.8768,0.005107198,13.70223044,0.102656458,-0.3428704,33.4,182.6,22.97158003,93.80295757,0.635721063,-64.78750181,13.2723619,0.01641488,
0,0,0,0,0,0,0,0,0,0,0,0,0,0,0,0,0,0,0,0,0,0,0,0,0,0,0,0,0,0,81,0,0,0,19,0,0,0,0,0,0,0,0,0,0,0,0,134.3,0.004254472,10.36947582,0.087632369,0.243,33.4,111.4,NA,156.25,0.780193013,30.61381253,10.14650906,0.02542505,
0,0,0,0,0,0,0,0,0,0,14.7,0,0,0,0,0,0,0,0,0,0,0,0,0,0,0,0,5.3,22.5,0,0,0,57.5,0,0,0,0,0,0,0,0,0,0,0,0,0,0,127.125,0.007419609,8.929623689,0.114968586,0.28428,33.3,117.3,NA,41.15397406,0.728082213,28.81855228,8.605606965,0.032150812,
0,5,0,0,0,0,0,0,0,0,50,0,0,0,0,0,0,0,0,0,0,0,0,0,0,0,0,0,0,0,0,0,0,0,0,0,0,0,0,0,0,0,0,0,0,0,45,143.5,0.002740657,12.5813979,0.073995681,-0.271,33.3,198.7,38.49691531,107.0324646,0.732307917,-45.22844462,12.37782427,0.01876833,
14.75,0,0,0,0,0,0,0,0,0,44.25,0,0,0,0,0,0,0,0,0,0,0,0,0,0,0,0,0,0,0,0,0,0,0,0,0,0,0,0,0,5,0,0,0,0,0,36,148.6375,0.004353983,14.14311895,0.095490862,-0.214775,33.1,117,23.30912657,101.1182253,0.807111864,-42.49679674,13.75541779,0.01561867,
0,7,0,0,0,0,0,0,0,0,45,0,0,0,0,0,0,0,0,0,0,0,0,0,0,0,0,0,0,0,0,0,0,0,0,0,0,0,0,0,0,0,0,0,0,0,48,143.9,0.002918946,12.69767872,0.076058803,-0.2939,33,112.8,37.57595664,104.2765502,0.70132511,-49.71119456,12.481621,0.018499194,
0,9,0,0,0,0,0,0,0,0,45,0,0,0,0,0,0,0,0,0,0,0,0,0,0,0,0,0,0,0,0,0,0,0,0,0,0,0,0,0,0,0,0,3.45,0,0,42.55,144.1625,0.00388485,12.85398473,0.089132445,-0.292095,32.9,123.7,36.9584648,99.25374161,0.702439151,-50.29310728,12.55005197,0.018147244,
0,0,0,0,0,0,0,0,0,0,6,0,0,0,0,0,0,0,0,0,0,0,0,0,0,0,0,0,0,0,77.5,0,0,0,16.5,0,0,0,0,0,0,0,0,0,0,0,0,134.75,0.003752585,10.44616209,0.082116126,0.2325,32.9,110,NA,156.6384883,0.793930492,29.60650982,10.24884514,0.025132627,
0,7,0,0,0,0,0,0,0,0,46,0,0,0,1,0,0,0,0,0,0,0,0,0,0,0,0,0,0,0,0,0,0,0,0,0,0,0,0,0,0,0,0,0,0,0,46,143.95,0.003152535,12.73305828,0.079555157,-0.2895,32.9,174.6,37.49590298,103.122577,0.706866837,-49.16556973,12.49463624,0.018418558,
0,2,0,0,26.95,0,0,0,0,0,7.35,0,0,0,0,0,0,0,0,0,0,0,0,0,0,0,0,9.8,0,0,0,0,0,0,0,0,0,0,0,0,8.085,0,0,0,0,0,45.815,140.32475,0.017029052,12.70728249,0.180849867,-0.3775385,32.8,172,20.66544619,95.30924295,0.580720702,-63.92835394,11.57421221,0.018477248,
0,0,0,0,0,0,0,0,0,0,0,0,0,0,0,0,0,0,0,0,0,0,0,0,0,0,0,16,20,0,64,0,0,0,0,0,0,0,0,0,0,0,0,0,0,0,0,131.2,0.008193724,9.842902999,0.119681625,0.2516,32.8,110.6,NA,44.19642857,0.773786662,29.38410847,9.459977739,0.02759285,
0.3,0,0,4,0,0,0,0,0,0,1.5,0,0,0,0,0,0,0,0,0,0,0,0,0,0,0,0,0,18,0,0,0,74.7,0,1.5,0,0,0,0,0,0,0,0,0,0,0,0,126.4,0.00926269,8.84514888,0.127024051,0.34175,32.4,114.8,NA,49.9410563,0.655059385,34.16918742,8.459210481,0.032634196,
0,7,0,0,0,0,0,0,0,0,45,0,0,0,3,0,0,0,0,0,0,0,0,0,0,0,0,0,0,0,0,0,0,0,0,0,0,0,0,0,0,0,0,0,0,0,45,144.65,0.003631411,12.96259352,0.085965646,-0.2978,32.4,117.1,36.94493783,99.61698868,0.695220287,-51.90688487,12.67780079,0.017909098,
0,15.4,0,0,0,0,0,0,0,0,0,0,0,0,0,0,0,0,0,0,0,0,0,0,0,0,0,26.6,0,0,0,0,0,0,0,0,0,0,0,0,0,0,0,0,0,0,58,145.06,0.003597476,13.0484522,0.083352891,-0.3726,32.4,216.7,37.03863587,99.05891399,0.601818994,-65.57135462,12.78590958,0.017724434,
0,5.5,0,0,0,0,0,0,0,0,47.25,0,0,0,0,0,0,0,0,0,0,0,0,0,0,0,0,0,0,0,0,0,0,0,0,0,0,0,0,0,0,0,0,0,0,0,47.25,143.9,0.002800658,12.68985615,0.074616526,-0.285275,32.4,115.6,38.05563641,105.6189002,0.712982723,-48.2090962,12.481621,0.0185171,
0,4,0,0,0,0,0,0,0,0,48,0,0,0,0,0,0,0,0,0,0,0,0,0,0,0,0,0,0,0,0,0,0,0,0,0,0,0,0,0,0,0,0,0,0,0,48,144.2,0.002692726,12.76142163,0.07318117,-0.2852,32.4,113.7,38.33780161,106.276333,0.713227756,-48.59233773,12.5598482,0.018354328,
0,8,0,0,25.3,0,0,0,0,0,6.9,0,0,0,0,0,0,0,0,0,0,0,0,0,0,0,0,9.2,0,0,0,0,0,0,0,0,0,0,0,0,7.59,0,0,0,0,0,43.01,139.3865,0.016358073,12.43017728,0.178364038,-0.372179,32.3,91.6,20.92834267,93.84939274,0.587560536,-61.03160443,11.34359594,0.019128046,
0,24,0,0,0,0,0,0,20,0,0,0,0,0,0,0,0,0,0,0,0,0,0,0,0,0,0,0,0,0,0,0,0,36,0,0,0,0,0,0,0,0,0,20,0,0,0,150.6,0.009123119,15.08712173,0.134556801,-0.404,32.2,77.6,31.24654658,64.6711558,0.560208865,-87.81810815,14.30749243,0.01411198,
0,7,0,0,0,0,0,0,0,0,46,0,0,0,0,0,0,0,0,0,0,0,0,0,0,0,0,0,0,0,0,0,0,0,0,0,0,0,0,0,0,0,0,3,0,0,44,144.45,0.00362931,12.90966815,0.086034551,-0.2915,32,107.7,37.36526946,100.6190665,0.703569446,-50.50727563,12.62528667,0.018024504,
0,10,0,0,0,0,0,0,0,0,15.4,0,0,0,0,0,0,0,0,0,0,0,0,0,0,5,0,12.6,0,0,0,0,0,0,0,0,0,0,0,0,0,0,0,0,0,0,57,145.9,0.00302414,13.23346687,0.076381472,-0.36764,32,112.1,36.62883088,101.1410751,0.60832624,-66.0373663,13.00931666,0.017336938,
0,0,0,0,0,0,0,0,0,0,51,0,0,0,0,0,0,0,0,0,0,0,0,0,0,0,0,0,0,0,0,0,0,0,0,0,0,0,0,0,8,0,0,0,0,0,41,147.6,0.005249551,13.94992802,0.106530266,-0.2561,31.9,118.8,19.37208449,98.40182479,0.749181127,-49.66966233,13.46938237,0.0159596,
0,0,0,0,26.75,0,0,0,0,0,8.25,0,0,0,0,0,0,0,0,0,0,0,0,0,0,0,0,0,0,0,0,0,0,0,0,0,0,0,0,0,30,0,0,0,0,0,35,150.475,0.024871382,16.22612447,0.215217054,-0.371775,31.8,111.4,8.230846746,73.52403297,0.578382543,-89.84178146,14.27189577,0.012588175,
0,10,0,0,0,0,0,0,0,0,17.9,0,0,0,0,0,0,0,0,0,0,0,0,0,0,0,0,14.6,0,0,0,0,0,0,0,0,0,0,0,0,5,0,0,0,0,0,52.5,147.25,0.004936756,13.79334581,0.10100084,-0.34079,31.8,113.7,23.11464961,94.92915236,0.638500073,-65.01833768,13.37379062,0.016244962,
0,10,0,0,0,0,0,0,0,0,30,0,0,0,0,0,0,0,0,0,0,0,0,0,0,0,0,5,0,0,0,0,0,0,0,0,0,0,0,0,0,0,0,0,0,0,55,145,0.003172382,13.00441335,0.078632788,-0.342,31.7,109.9,36.46877884,100.1359406,0.639186178,-59.89098132,12.77005054,0.017818761,
0,0,0,0,0,0,0,0,0,0,53.018,0,0,0,0,0,0,0,0,0,0,0,0,0,0,0,0,0,0,0,0,0,0,0,0,0,0,0,0,0,7.546,0,0,2,0,0,37.436,147.5375,0.005547598,13.96011349,0.109568377,-0.248114,31.6,114.2,19.95653871,97.24051349,0.759706203,-48.1719352,13.45227911,0.015941323,
0,14.4,0,0,0,0,0,0,0,0,19.2,0,0,0,0,0,0,0,0,0,0,0,0,0,0,0,0,9.6,0,0,0,0,0,0,0,0,0,0,0,0,0,0,0,4,0,0,52.8,145.92,0.004415476,13.35940913,0.093802886,-0.36896,31.5,104.8,35.28571429,92.80649004,0.60512898,-67.19407008,13.01466735,0.017081028,
0,10,0,0,0,0,0,0,0,0,20,0,0,0,0,0,0,0,0,0,0,0,0,0,0,0,0,12,0,0,0,0,0,0,0,0,0,0,0,0,5,0,0,0,0,0,53,147.35,0.004924891,13.81980849,0.100827287,-0.3439,31.3,101.2,22.98347749,94.37037724,0.634677739,-65.79490719,13.40105624,0.016196151,
0,0,0,0,0,0,0,0,0,0,50,0,0,0,0,0,0,0,0,0,0,0,0,0,0,0,0,0,0,0,0,0,0,0,0,0,0,0,0,0,0,0,0,0,0,0,50,145,0.002383795,12.95226291,0.068965517,-0.285,31.3,112.3,39.11111111,108.0701754,0.713909688,-49.61824644,12.77005054,0.017931529,
0,6.72,0,0,0,0,0,0,0,4,44.16,0,0,0,0,0,0,0,0,0,0,0,0,0,0,0,0,0,0,0,0,0,0,0,0,0,0,0,0,0,0,0,0,4.8,0,0,40.32,144.752,0.003953275,13.02258851,0.09036464,-0.291552,31.2,114.3,38.17263455,99.5912166,0.70306969,-51.16037953,12.70463897,0.017779732,
0,25,0,0,0,0,0,0,20,0,0,0,0,0,0,0,0,0,0,0,0,45,0,0,0,0,0,0,0,0,0,0,0,0,0,0,0,0,0,0,0,0,0,10,0,0,0,155,0.011842354,16.65159298,0.15095947,-0.428,31.1,112.3,30.49257232,61.67277845,0.532093451,-107.3990201,15.59853112,0.012086886,
0,10,0,0,0,0,0,0,0,0,14,0,0,0,0,0,0,0,0,0,0,0,0,0,0,3,0,13,0,0,0,0,0,0,0,0,0,0,0,0,0,0,0,0,0,0,60,146.3,0.003046662,13.34296185,0.076515345,-0.3787,31.1,,36.43698906,99.67442245,0.595363424,-68.84439872,13.11660945,0.017114097,
3.5,0,0,0,0,0,0,0,0,0,0,0,0,0,0,2,0,0,0,0,0,0,0,0,0,0,0,0,6,0,79,0,0,0,9.5,0,0,0,0,0,0,0,0,0,0,0,0,135.15,0.005434555,10.62540043,0.098294365,0.25765,31,172,NA,87.64164306,0.761689531,33.6309042,10.3403862,0.02447022,
0,12,0,0,0,0,0,0,0,0,28,0,0,0,0,0,0,0,0,0,0,0,0,0,0,0,0,0,0,0,0,0,0,0,0,0,0,0,0,0,0,0,0,0,0,0,60,145.8,0.003306163,13.22654489,0.079797199,-0.3768,30.7,106.5,34.92774272,96.18039577,0.597264508,-67.6312334,12.9825852,0.017351185,
0,25,0,0,0,0,0,0,20,0,0,0,0,0,0,0,0,0,0,0,0,55,0,0,0,0,0,0,0,0,0,0,0,0,0,0,0,0,0,0,0,0,0,0,0,0,0,154.5,0.011428421,16.45362028,0.148268106,-0.423,30.6,69.2,30.62559986,63.05600369,0.537655165,-104.3128626,15.44806402,0.012315995,
0,25,0,0,0,0,0,0,10,0,0,0,0,0,0,0,0,0,0,0,0,0,0,0,0,0,0,10,0,0,0,0,0,0,0,0,0,0,0,0,0,40,0,15,0,0,0,155.25,0.012045414,16.75057933,0.152248446,-0.4355,30.4,68.7,32.32379234,59.00397652,0.524297704,-110.2276719,15.67412969,0.011974935,
0,10,0,0,0,0,0,0,0,0,15,0,0,0,0,0,0,0,0,0,0,0,0,0,0,0,0,10,0,0,0,0,0,0,0,0,0,0,0,0,0,0,0,0,0,0,65,147,0.003056192,13.53366699,0.076360355,-0.3985,30.3,,35.73481662,96.81350698,0.572900409,-73.95513693,13.30578843,0.016737003,
0,12,0,0,0,0,0,0,0,0,25,0,0,0,0,0,0,0,0,0,0,0,0,0,0,0,0,0,0,0,0,0,0,0,0,0,0,0,0,0,2,0,0,0,0,0,61,147.1,0.003966482,13.64796861,0.088659794,-0.3881,30.2,109.7,28.20761197,92.92301898,0.583547154,-72.9117812,13.33296157,0.016517458,
0,10,0,0,0,0,0,0,0,0,17.9,0,0,0,0,0,0,0,0,0,0,0,0,0,0,5,0,14.6,0,0,0,0,0,0,0,0,0,0,0,0,0,0,0,0,0,0,52.5,145,0.003053192,12.99530273,0.077105792,-0.34179,30.2,104.1,37.42339404,103.4607759,0.639593896,-59.79321265,12.77005054,0.017838378,
0,10,0,0,0,0,0,0,0,0,20,0,0,0,0,0,0,0,0,0,0,0,0,0,0,0,0,8,0,0,0,0,0,0,0,0,0,0,0,0,5,0,0,0,0,0,57,148.15,0.004813442,14.03150994,0.099278272,-0.3671,30.1,99.8,22.62682903,92.34574923,0.606850966,-71.80432564,13.6205165,0.015814158,
0,7.9,0,0,0,0,0,0,0,0,16.3,0,0,0,0,0,0,0,0,0,0,0,0,0,0,0,0,12.8,0,0,0,0,0,0,0,0,2,0,0,0,0,0,0,0,0,0,61,146.61,0.002880258,13.41586669,0.074440056,-0.36813,30.1,99.2,36.08224082,98.12082646,0.607917162,-67.45550968,13.20016593,0.01696831,
0,25,0,0,0,0,0,0,20,0,0,0,0,0,0,0,0,0,0,0,0,39,0,0,0,0,0,0,0,0,0,0,0,0,0,0,0,0,0,0,0,0,0,16,0,0,0,155.3,0.012085714,16.7703766,0.152501858,-0.431,30,108.2,30.41330907,60.87159423,0.52879427,-109.2763742,15.68927865,0.011952748,
0,9.9,0,1,0,0,0,0,0,0,14.85,0,0,0,0,0,0,0,0,0,0,0,0,0,0,8.91,0,10.89,0,0,0,0,0,0,0,0,0,0,0,0,0,0,0,0,0,0,54.45,145.291,0.004119375,13.119641,0.085884148,-0.363316,30,71.3,NA,102.9737425,0.61215537,-64.4456296,12.84708945,0.017573673,
0,9.9,0,0,0,0,0,0,0,0,29.7,0,0,0,0,0,0,0,0,0,0,0,0,0,0,0,0,4.95,0,0,0,0,0,0,0,0,0,0,0,0,0,0,0,1,0,0,54.45,145.35,0.003389312,13.11865946,0.081644832,-0.34538,30,108,36.32252787,98.7121754,0.63474613,-61.25744251,12.86274671,0.017575737,
0,10,0,0,0,0,0,0,0,0,19.35,0,0,0,0,0,0,0,0,0,0,0,0,0,0,0,0,10.125,0,0,0,0,0,0,0,0,0,0,0,0,0,0,0,0,0,0,60.525,146.105,0.003131375,13.29682599,0.077670733,-0.37298,29.8,102.1,36.29691632,98.63612632,0.601919715,-67.46373482,13.06423082,0.017207416,
0,7.9,0,0,0,0,0,0,0,0,15.8,0,0,0,0,0,0,0,0,0,0,0,0,0,0,0,0,12.8,0,0,0,0,0,0,0,0,2.5,0,0,0,0,0,0,0,0,0,61,146.66,0.002863946,13.42818697,0.074207121,-0.36783,29.8,109,35.85761873,97.6370955,0.608291002,-67.49060799,13.21367593,0.016943874,
0,10,0,0,0,0,0,0,0,0,17.55,0,0,0,0,0,0,0,0,0,0,0,0,0,0,0,0,10.125,0,0,0,0,0,0,0,0,0,0,0,0,0,0,0,0,0,0,62.325,146.465,0.003105619,13.39209164,0.077200999,-0.38324,29.5,108.4,36.07372909,97.90246642,0.59006707,-70.04325749,13.16103903,0.017015628,
0,25,0,0,0,0,0,0,20,0,0,0,0,0,0,0,0,0,0,0,0,0,0,0,0,0,0,0,0,0,0,0,0,0,0,0,0,0,0,0,0,39,0,16,0,0,0,155.3,0.012085714,16.7703766,0.152501858,-0.4388,29.4,66.1,32.24085976,58.92859394,0.520959944,-111.2539977,15.68927865,0.011952748,
0,10,0,0,0,0,0,0,0,0,18,0,0,0,0,0,0,0,0,0,0,0,0,0,0,0,0,10.12,0,0,0,0,0,0,0,0,0,0,0,0,0,0,0,0,0,0,61.88,146.376,0.00311255,13.36853986,0.077324286,-0.380704,29.3,107.7,36.12814922,98.08206251,0.592973601,-69.40180961,13.13706154,0.017062716,
9.7,8.9,0,0,0,0,0,0,0,0,10.2,0,0,10.2,0,0,0,0,0,0,0,0,0,0,0,0,0,0,0,0,0,0,0,0,0,0,0,0,0,0,0,0,0,0,0,0,61,149.245,0.002702592,14.13109372,0.071274969,-0.37774,29.2,,35.07521384,96.14051367,0.596874133,-74.64967988,13.92476839,0.015639542,
0,7,0,0,0,0,0,0,0,0,46,0,0,0,0,0,0,0,0,0,0,0,0,0,0,0,0,0,0,0,0,0,0,0,0,0,0,0,0,0,0,0,0,5,0,0,42,144.95,0.004094104,13.08627802,0.091848452,-0.2937,29.1,106.8,37.13883779,98.04876693,0.700031741,-51.90439706,12.7568447,0.017644065,
0,10,0,0,0,0,0,0,0,0,15.4,0,0,0,0,0,0,0,0,0,0,0,0,0,0,0,0,12.6,0,0,0,0,0,0,0,0,0,0,0,0,0,0,0,0,0,0,62,146.4,0.003110717,13.3748909,0.077291504,-0.38114,28.9,109,36.36329163,98.41314687,0.592473581,-69.52932005,13.14352451,0.017049997,
0,7.9,0,0,0,0,0,0,0,0,18.3,0,0,0,0,0,0,0,0,0,0,0,0,0,0,0,0,12.8,0,0,0,0,0,0,0,0,0,0,0,0,0,0,0,0,0,0,61,146.41,0.002944343,13.36658558,0.075352173,-0.36933,28.9,101.4,37.00959435,100.1046511,0.606425445,-67.31402643,13.14621804,0.017066633,
0,7.9,0,0,0,0,0,0,0,0,17.8,0,0,0,0,0,0,0,0,0,0,0,0,0,0,0,0,12.8,0,0,0,0,0,0,0,0,0.5,0,0,0,0,0,0,0,0,0,61,146.46,0.002928496,13.37890586,0.075127056,-0.36903,28.8,101.3,36.77331562,99.60121223,0.606797828,-67.34956052,13.15969121,0.017041965,
0,10,0,0,0,0,0,0,0,0,15.75,0,0,0,0,0,0,0,0,0,0,0,0,0,0,0,0,10.12,0,0,0,0,0,0,0,0,0,0,0,0,0,0,0,0,0,0,64.13,146.826,0.003073726,13.48762193,0.076652547,-0.393529,28.5,106.6,35.85216787,97.17689747,0.578431541,-72.6713767,13.25859521,0.016826797,
0,10,0,0,0,0,0,0,0,0,14.85,0,0,0,0,0,0,0,0,0,0,0,0,0,0,0,0,10.125,0,0,0,0,0,0,0,0,0,0,0,0,0,0,0,0,0,0,65.025,147.005,0.003055668,13.53499013,0.07635169,-0.39863,28.4,104.4,35.74404756,96.82221451,0.572756606,-73.98978575,13.30714621,0.016734434,
0,7.9,0,0,0,0,0,0,0,0,16.8,0,0,0,0,0,0,0,0,0,0,0,0,0,0,0,0,12.8,0,0,0,0,0,0,0,0,1.5,0,0,0,0,0,0,0,0,0,61,146.56,0.002896454,13.40354641,0.074671013,-0.36843,28.4,92.9,36.30969484,98.60937444,0.607543687,-67.42030226,13.18666515,0.016992804,
0,0,0,0,0,0,0,0,0,0,0,0,0,0,0,0,0,0,0,0,0,0,0,0,0,0,0,0,20,0,80,0,0,0,0,0,0,0,0,0,0,0,0,0,0,0,0,132,0.008453947,10.0329903,0.121212121,0.298,28.2,109.7,NA,44.19642857,0.711014785,35.78460688,9.63408343,0.026776529,
0,10,0,0,5,0,0,0,0,0,15,0,0,0,0,0,0,0,0,0,0,0,0,0,0,0,0,10,0,0,0,0,0,0,0,0,0,0,0,0,0,0,0,0,0,0,60,144.5,0.005376352,12.99619285,0.099024831,-0.3865,28.2,160,37.24734745,98.56517877,0.583762617,-67.62157923,12.63840157,0.017836459,
0,7.9,0,0,0,0,0,0,0,0,17.3,0,0,0,0,0,0,0,0,0,0,0,0,0,0,0,0,12.8,0,0,0,0,0,0,0,0,1,0,0,0,0,0,0,0,0,0,61,146.51,0.002912533,13.39122613,0.074900008,-0.36873,28.2,102.6,36.54003468,99.10281178,0.607170576,-67.38498584,13.17317358,0.017017355,
0,25,0,0,0,0,0,0,20,0,0,0,0,0,0,0,0,0,0,0,0,0,0,0,0,0,0,0,0,0,0,0,0,0,0,0,0,0,0,0,0,40,0,0,0,0,15,151.5,0.010024078,15.42600533,0.140448336,-0.422,28,68.1,33.63523012,66.69325888,0.540147091,-94.74424786,14.56553724,0.013628311,
0,9,0,0,0,0,0,0,0,0,16.66666667,0,0,0,0,0,0,0,0,0,0,0,0,0,0,0,0,8.333333333,0,0,0,0,0,0,0,0,0,0,0,0,0,0,0,0,0,0,66,147.3,0.002943815,13.60783999,0.074896304,-0.401466667,27.8,98.2,35.67574074,96.73378679,0.569739388,-75.10052964,13.3874188,0.016593995,
0,9.766666667,0,0,0,0,0,0,0,0,9.766666667,0,0,0,0,0,0,0,0,0,0,0,0,0,0,35.35,0,9.766666667,0,0,0,0,0,0,0,0,0,0,0,0,0,0,0,0,0,0,35.35,144.6283333,0.002312095,12.84043146,0.06696926,-0.334891667,27.6,105.8,36.91266461,115.9856453,0.649119112,-57.57343857,12.67210474,0.018177326,
0,25,0,0,0,0,0,0,20,0,0,0,0,0,0,0,0,0,0,0,0,0,0,0,0,0,0,0,0,0,0,0,0,0,0,0,0,0,0,0,0,45,0,10,0,0,0,155,0.011842354,16.65159298,0.15095947,-0.437,27.3,62.3,32.63245972,59.38380095,0.522998689,-109.6574107,15.59853112,0.012086886,
0,25,0,0,0,0,0,0,20,0,0,0,55,0,0,0,0,0,0,0,0,0,0,0,0,0,0,0,0,0,0,0,0,0,0,0,0,0,0,0,0,0,0,0,0,0,0,154.5,0.011428421,16.45362028,0.148268106,-0.4395,27.1,60.7,31.3235041,59.16955017,0.520917437,-108.381804,15.44806402,0.012315995,
0,24,0,0,0,0,0,0,20,0,0,0,50,0,0,0,0,0,0,0,0,0,0,0,0,0,0,0,0,0,0,0,0,0,0,0,0,0,0,0,0,0,0,6,0,0,0,155.3,0.011538079,16.71508457,0.148716488,-0.4444,27,65.1,31.18930652,58.49302029,0.515960298,-112.1336225,15.68927865,0.012014883,
0,8,0,0,0,0,0,0,0,0,16,0,0,0,0,0,0,0,0,0,0,0,0,0,0,0,0,8,0,0,0,0,0,0,0,0,0,0,0,0,0,0,0,0,0,0,68,147.8,0.002799883,13.73493836,0.07292121,-0.41,26.8,102.2,35.6265571,96.4580052,0.560559256,-77.74126179,13.52421018,0.016353551,
0,24,0,0,0,0,0,0,20,0,0,0,36,0,0,0,0,0,0,0,0,0,0,0,0,0,0,0,0,0,0,0,0,0,0,0,0,0,0,0,0,0,0,20,0,0,0,156,0.012091434,16.99224634,0.152235155,-0.4472,26.6,63.8,30.8195981,57.70715793,0.512674291,-115.5733045,15.90239015,0.011708635,
5.5,0,49,0,0,0,0,0,0,0,26.9,0,0,0,0,0,0,0,0,0,0,0,0,0,0,0,0,0,0,0,2.3,0,0,0,16.3,0,0,0,0,0,0,0,0,0,0,0,0,132.415,0.003866738,9.939034163,0.086153484,0.32215,26.5,132.3,NA,154.8831783,0.67321161,38.15899787,9.725236332,0.027175005,
0,9.066666667,0,0,0,0,0,0,0,0,9.066666667,0,0,0,0,0,0,0,0,0,0,0,0,0,0,36.4,0,9.066666667,0,0,0,0,0,0,0,0,0,0,0,0,0,0,0,0,0,0,36.4,145.0133333,0.002230929,12.93674903,0.065710468,-0.342066667,26.4,106.2,36.7940583,115.9844515,0.640270147,-59.44975864,12.77357363,0.017965301,
0,25,0,0,0,0,0,0,20,0,0,0,0,0,0,0,0,39,0,0,0,0,0,0,0,0,0,0,0,0,0,0,0,0,0,0,0,0,0,0,0,0,0,16,0,0,0,155.3,0.012085714,16.7703766,0.152501858,-0.4466,26.2,63.6,29.90797546,55.39238246,0.513265941,-113.2316212,15.68927865,0.011952748,
0,24,0,0,0,0,0,0,20,0,0,0,0,0,0,0,0,30,0,0,0,0,0,0,0,0,0,0,0,0,0,0,0,0,0,0,0,0,0,0,0,0,0,26,0,0,0,156.3,0.012322411,17.11102996,0.153658791,-0.4514,25.9,63,29.90797546,55.21668078,0.508371709,-117.8474216,15.99431126,0.011581277,
0,8.866666667,0,0,0,0,0,0,0,0,8.866666667,0,0,0,0,0,0,0,0,0,0,0,0,0,0,36.7,0,8.866666667,0,0,0,0,0,0,0,0,0,0,0,0,0,0,0,0,0,0,36.7,145.1233333,0.002206442,12.96426833,0.065328977,-0.344116667,25.9,96.7,36.76031065,115.9841105,0.637762739,-59.99120791,12.80266391,0.017905466,
0,25,0,0,0,0,0,0,20,0,0,0,0,0,0,0,0,0,0,0,0,0,0,0,0,0,0,0,0,0,0,0,0,0,0,0,0,0,0,0,0,27.5,0,27.5,0,0,0,155.875,0.012541737,16.9980452,0.155314809,-0.44225,25.8,61.9,31.51597305,58.07533807,0.51708953,-114.3508058,15.86419388,0.011702364,
0,25,0,0,0,0,0,0,20,0,0,0,0,0,0,0,0,0,0,0,0,0,0,0,0,0,0,0,0,0,0,0,0,0,0,0,0,0,0,0,0,55,0,0,0,0,0,154.5,0.011428421,16.45362028,0.148268106,-0.434,25.6,62,33.30670266,60.15831135,0.526426448,-107.0254902,15.44806402,0.012315995,
0,25,0,0,0,0,0,0,20,0,0,0,0,0,0,0,0,55,0,0,0,0,0,0,0,0,0,0,0,0,0,0,0,0,0,0,0,0,0,0,0,0,0,0,0,0,0,154.5,0.011428421,16.45362028,0.148268106,-0.445,25.4,58.8,29.90797546,55.09464358,0.515478196,-109.7381178,15.44806402,0.012315995,
0,7,0,0,0,0,0,0,0,0,15.33333333,0,0,0,0,0,0,0,0,0,0,0,0,0,0,0,0,7.666666667,0,0,0,0,0,0,0,0,0,0,0,0,0,0,0,0,0,0,70,148.3,0.002644507,13.86203673,0.070757459,-0.418533333,25.4,112.5,35.5775089,96.18379162,0.551556835,-80.42998232,13.66193021,0.016118757,
0,22,0,0,0,0,0,0,22,0,0,0,0,0,0,0,0,40,0,0,0,0,0,0,0,0,0,0,0,0,0,0,0,0,0,0,0,0,0,0,0,0,0,16,0,0,0,156,0.011679048,16.95555254,0.149648943,-0.445,25.3,60.7,30.36437247,55.49574936,0.515231993,-114.6435033,15.90239015,0.011748441,
0,24,0,0,0,0,0,0,18,0,0,46,0,2,0,0,0,0,0,0,0,0,0,0,0,0,0,0,0,0,0,0,0,0,0,0,0,0,0,0,0,0,0,10,0,0,0,155.6,0.011613773,16.81803456,0.14915565,-0.4554,24.4,58.5,29.30761448,55.75976522,0.505204628,-115.9406022,15.78037746,0.011899614,
0,24,0,0,0,0,0,0,20,0,0,0,0,0,0,0,0,0,0,0,0,0,0,0,0,0,0,0,0,0,0,0,0,0,0,0,0,0,0,36,0,0,0,20,0,0,0,156,0.012091434,16.99224634,0.152235155,-0.4976,24,60.5,27.81379668,53.98969067,0.466316866,-128.5985607,15.90239015,0.011708635,
10,0,0,0,0,0,0,0,0,0,25,0,0,0,10,0,0,0,0,0,0,0,55,0,0,0,0,0,0,0,0,0,0,0,0,0,0,0,0,0,0,0,0,0,0,0,0,150.25,0.0033194,14.51057141,0.083178035,-0.3915,23.6,53.5,22.00701204,56.69089962,0.580436898,-80.41035962,14.20797065,0.015002212,
0,24,0,0,0,0,0,0,20,0,0,0,0,0,40,0,0,0,0,0,0,0,0,0,0,0,0,0,0,0,0,0,0,0,0,0,0,0,0,0,0,0,0,16,0,0,0,157.8,0.013422319,17.70494805,0.160087636,-0.4624,23.5,58,27.5990736,53.48234038,0.496849049,-126.8650837,16.45923348,0.010977195,
0,24,0,0,0,0,0,0,20,0,0,0,0,0,36,0,0,0,0,0,0,0,0,0,0,0,0,0,0,0,0,0,0,0,0,0,0,0,0,0,0,0,0,20,0,0,0,157.8,0.013422319,17.70494805,0.160087636,-0.4616,23.5,52.2,27.81379668,53.70356185,0.497600712,-126.6455939,16.45923348,0.010977195,
0,25,0,0,0,0,0,0,20,0,0,55,0,0,0,0,0,0,0,0,0,0,0,0,0,0,0,0,0,0,0,0,0,0,0,0,0,0,0,0,0,0,0,0,0,0,0,154.5,0.011428421,16.45362028,0.148268106,-0.4505,23.5,57.2,29.1697831,56.13178279,0.510108324,-111.0944317,15.44806402,0.012315995,
0,24,0,0,0,0,0,0,20,0,0,0,0,0,51,0,0,0,0,0,0,0,0,0,0,1,0,0,0,0,0,0,0,0,0,0,0,0,0,0,0,0,0,0,0,0,4,156.45,0.012973881,17.23513858,0.158337549,-0.4564,23.3,60.1,27.35638819,54.93470952,0.502948742,-120.4125727,16.04040435,0.011450615,
0,25,0,0,0,0,0,0,20,0,0,0,0,0,0,0,0,0,0,0,0,0,0,0,0,0,0,0,0,0,0,0,0,0,0,0,0,0,0,55,0,0,0,0,0,0,0,154.5,0.011428421,16.45362028,0.148268106,-0.5165,22.8,50.2,26.82255846,53.40881363,0.450889229,-127.3701974,15.44806402,0.012315995,
0,25,0,0,0,0,0,0,20,0,0,0,0,0,0,0,0,0,0,0,0,0,0,0,0,0,0,0,0,0,0,0,0,0,0,40,0,0,0,0,0,0,0,15,0,0,0,159.25,0.015256047,18.37959984,0.170898428,-0.4705,21.6,54.7,26.28032345,53.80556781,0.487634229,-136.3079513,16.91713957,0.01035124,
0,0,0,0,0,0,0,0,0,0,27,0,0,0,0,0,0,0,0,0,0,0,58,0,0,0,0,0,0,0,0,0,0,0,0,0,0,0,0,0,0,0,0,10,0,5,0,148.2,0.003410628,13.94037758,0.085020243,-0.4227,21.3,44.8,22.34557396,55.64591704,0.546333547,-81.89947755,13.63431176,0.01597677,
0,0,0,0,0,0,0,0,0,0,31,0,0,0,0,0,0,0,0,0,0,0,57,0,0,0,5.4,0,0,0,0,0,0,0,0,0,0,0,0,0,0,0,0,6.6,0,0,0,149.22,0.004090061,14.29753896,0.093507527,-0.42222,20.7,48.3,21.78591966,55.01092152,0.54612357,-84.87370141,13.91777196,0.015354645,
7,0,0,0,0,0,0,0,0,0,28,0,0,0,0,0,0,0,0,0,0,0,54,0,0,0,0,0,0,0,0,0,0,0,0,0,0,0,0,0,0,0,0,11,0,0,0,149.8,0.003593654,14.40795128,0.086772106,-0.3913,20.6,54.3,22.6438293,57.52771152,0.580353252,-79.54360886,14.08069364,0.015170311,
0,0,0,0,0,0,0,0,0,0,25,0,0,0,10,0,0,0,0,0,0,0,60,0,0,0,0,0,0,0,0,0,0,0,0,0,0,0,0,0,0,0,0,0,0,5,0,148.5,0.003325663,14.01700102,0.083905292,-0.4365,20.6,52,21.64001155,54.1567696,0.532110492,-85.2504641,13.71727895,0.015839865,
14,0,0,0,0,0,0,0,0,0,21,0,0,0,0,0,0,0,0,0,0,0,56,0,0,0,0,0,0,0,0,0,0,0,0,0,0,0,0,0,0,0,0,9,0,0,0,150.95,0.002994737,14.68170443,0.07876095,-0.3874,20.6,46.7,22.00492041,57.01395219,0.585444523,-80.93732968,14.40747788,0.014728582,
0,0,0,0,0,0,0,0,0,0,34,0,0,0,0,0,0,0,0,0,0,0,57,0,0,0,9,0,0,0,0,0,0,0,0,0,0,0,0,0,0,0,0,0,0,0,0,148.05,0.003862488,13.94918974,0.091359734,-0.4047,20.5,50.7,21.62735224,55.84178162,0.565175358,-78.48404745,13.59295391,0.015960927,
0,0,0,0,0,0,0,0,0,0,30.5,0,0,0,0,0,0,0,0,0,0,0,58.5,0,0,0,0,0,0,0,0,0,0,0,0,0,0,0,0,0,0,0,0,11,0,0,0,148.725,0.003543255,14.10076374,0.086630186,-0.41995,20.4,49.4,22.22385167,55.98634479,0.549097944,-82.73225506,13.77972473,0.015692389,
5.6,0,0,0,0,0,0,0,0,0,22.4,0,0,0,0,0,0,0,0,0,0,0,61,0,0,0,0,0,0,0,0,0,0,0,0,0,0,0,0,0,0,0,0,11,0,0,0,150.5,0.003259017,14.58021528,0.082656846,-0.43302,20.1,48.9,21.43785609,54.35230902,0.535746359,-89.55994649,14.27901037,0.01488986,
0,0,0,0,0,0,0,0,0,0,26,0,0,0,0,0,0,0,0,0,0,0,63,0,0,0,0,0,0,0,0,0,0,0,0,0,0,0,0,0,0,0,0,11,0,0,0,149.4,0.003330341,14.27316649,0.083905953,-0.4465,20,47,21.41040649,53.93722984,0.522011729,-89.53188163,13.96819862,0.015395829,
0,0,0,0,0,0,0,0,0,0,25,0,0,0,15,0,0,0,0,0,0,0,60,0,0,0,0,0,0,0,0,0,0,0,0,0,0,0,0,0,0,0,0,0,0,0,0,150.75,0.003979437,14.72315251,0.091601754,-0.459,19.9,46.6,21.13243084,52.44824187,0.509090033,-96.29049409,14.3502865,0.014663537,
0,0,0,0,0,0,0,0,0,0,24.75,0,0,0,9.9,0,0,0,0,0,0,0,64.35,0,0,0,0,0,0,0,0,0,0,0,0,0,0,0,0,0,1,0,0,0,0,0,0,149.6575,0.003377062,14.35378316,0.084697223,-0.451765,19.9,45.4,19.57689638,52.89416104,0.516744114,-91.33302479,14.0405483,0.01526029,
0,0,0,0,0,0,0,0,0,0,24.25,0,0,0,9.7,0,0,0,0,0,0,0,63.05,0,0,0,0,0,0,0,0,0,0,0,0,0,3,0,0,0,0,0,0,0,0,0,0,149.1225,0.003014602,14.16540436,0.079865645,-0.438095,19.9,47.8,20.73997054,53.15437481,0.53080148,-86.88316935,13.89050826,0.01558011,
0,0,0,0,0,0,0,0,0,0,23.75,0,0,0,9.5,0,0,0,0,0,0,0,61.75,0,0,0,0,0,0,0,0,0,0,0,0,0,0,0,0,0,5,0,0,0,0,0,0,151.2875,0.004429842,14.93467725,0.097433134,-0.444825,19.8,48.3,15.76124345,52.40694213,0.522586356,-95.27394109,14.50433254,0.014338791,
0,0,0,0,0,0,0,0,0,0,28,0,0,0,11,0,0,0,0,0,0,0,61,0,0,0,0,0,0,0,0,0,0,0,0,0,0,0,0,0,0,0,0,0,0,0,0,149.1,0.003427501,14.19654304,0.085151324,-0.4369,19.8,47.6,21.40608604,54.19968304,0.531598398,-86.92344222,13.8842217,0.015526491,
6.6,0,0,0,0,0,0,0,0,0,22.9,0,0,0,11,0,0,0,0,0,0,0,59.5,0,0,0,0,0,0,0,0,0,0,0,0,0,0,0,0,0,0,0,0,0,0,0,0,150.525,0.003306534,14.5912606,0.083201807,-0.42607,19.8,44.6,21.2898075,54.31041875,0.542906731,-88.21965518,14.28612734,0.014872168,
0,0,0,0,0,0,0,0,0,0,25,0,0,0,0,0,0,0,0,0,0,0,65,0,0,0,0,0,0,0,0,0,0,0,0,0,0,0,0,10,0,0,0,0,0,0,0,148.75,0.002556811,14.01058694,0.072775244,-0.4635,19.6,44.7,20.83807313,53.09454833,0.506122921,-90.46342608,13.78667483,0.015851252,
0,0,0,0,0,0,0,0,0,0,24.75,0,0,0,9.9,0,0,0,0,0,0,0,64.35,0,0,0,0,0,0,0,0,0,0,0,0,0,1,0,0,0,0,0,0,0,0,0,0,149.2075,0.00306857,14.19417454,0.080539169,-0.448365,19.4,44.9,20.80526931,53.06296946,0.520414965,-89.18280827,13.91427462,0.015530559,
0,0,0,0,0,0,0,0,0,0,25,0,0,0,0,0,0,0,0,0,0,0,65,0,0,0,0,0,0,0,0,0,0,0,0,0,0,0,0,10,0,0,0,0,0,0,0,148.75,0.002556811,14.01058694,0.072775244,-0.4635,19.4,45.8,20.83807313,53.09454833,0.506122921,-90.46342608,13.78667483,0.015851252,
0,0,0,0,0,0,0,0,0,0,25,0,0,0,10,0,0,0,0,0,0,0,65,0,0,0,0,0,0,0,0,0,0,0,0,0,0,0,0,0,0,0,0,0,0,0,0,149.25,0.003095431,14.20855963,0.080871743,-0.4535,19.3,45.1,20.83807313,53.01738456,0.515314118,-90.33723622,13.92616796,0.01550588,
0,10,0,0,0,0,0,0,0,0,0,0,0,20,0,0,0,0,0,0,0,0,0,0,0,0,0,10,0,0,0,60,0,0,0,0,0,0,0,0,0,0,0,0,0,0,0,165,0.012044643,20.06063989,0.150298143,-0.504,19.2,41.6,21.00797627,42.12748733,0.460863924,-165.8485712,18.8165692,0.00902233,
0,0,0,0,0,0,0,0,0,0,24.25,0,0,0,9.7,0,0,0,0,0,0,0,63.05,0,0,0,0,0,0,0,0,0,0,0,0,0,0,0,0,0,3,0,0,0,0,0,0,150.4725,0.00391812,14.64423021,0.091518095,-0.448295,19.1,44.1,17.46307142,52.64942443,0.519640699,-93.31213948,14.27118444,0.014787798,
0,15,0,0,0,0,0,60,0,0,10,0,0,0,0,0,0,0,0,0,0,0,0,0,0,0,0,15,0,0,0,0,0,0,0,0,0,0,0,0,0,0,0,0,0,0,0,163.5,0.01403374,19.71679257,0.162137201,-0.51,18.7,42.5,18.98131418,32.47382635,0.454126236,-163.6525789,18.30804117,0.009270583,
0,10,0,0,0,0,0,0,0,0,2,0,0,18,0,0,0,0,0,0,0,0,0,0,0,0,0,10,0,0,0,60,0,0,0,0,0,0,0,0,0,0,0,0,0,0,0,164.9,0.012165751,20.03687898,0.151059046,-0.5026,18.7,36.6,20.93200509,42.08279383,0.461954793,-165.1028349,18.78237799,0.009039133,
0,12,0,0,0,0,0,0,0,0,3,0,0,30,0,0,0,0,0,0,0,0,0,0,0,0,0,0,0,0,0,55,0,0,0,0,0,0,0,0,0,0,0,0,0,0,0,162.8,0.012278131,19.32615647,0.153151784,-0.4793,18.2,41.4,21.94638645,44.39815945,0.482334742,-149.3863767,18.07389733,0.009566467,
0,10,0,0,0,0,0,0,0,0,5,0,0,15,0,0,0,0,0,0,0,0,0,0,0,0,0,10,0,0,0,60,0,0,0,0,0,0,0,0,0,0,0,0,0,0,0,164.75,0.012346724,20.00123761,0.152192058,-0.5005,17.9,44.8,20.81907301,42.0159311,0.463598102,-163.9874959,18.73116886,0.009064435,
0,0,0,0,0,0,0,0,0,0,0,0,0,0,0,0,0,0,0,0,0,0,64,0,0,0,15,21,0,0,0,0,0,0,0,0,0,0,0,0,0,0,0,0,0,0,0,152.1,0.004570534,15.19032305,0.098967171,-0.4895,17.9,45.3,20.08628396,49.80975441,0.480088708,-107.4641052,14.7392794,0.013961748,
0,10,0,0,0,0,0,64.8,0,0,25.2,0,0,0,0,0,0,0,0,0,0,0,0,0,0,0,0,0,0,0,0,0,0,0,0,0,0,0,0,0,0,0,0,0,0,0,0,166.4,0.012643336,20.60139176,0.152511678,-0.53444,17.7,34.3,18.05645121,30.70278529,0.435413275,-182.8074265,19.29961187,0.008653313,
0,25,0,0,0,0,0,0,20,0,0,0,0,0,0,0,0,0,0,0,0,0,0,0,0,0,0,0,0,0,0,55,0,0,0,0,0,0,0,0,0,0,0,0,0,0,0,160,0.015844721,18.69352349,0.173992636,-0.5,17.4,43.5,20.42954426,42.79703985,0.461034228,-148.4691578,17.15728468,0.010079636,
0,25,0,0,0,0,0,0,0,0,14.3,0,0,0,0,0,0,0,0,0,0,0,0,0,0,0,0,5.7,0,0,0,55,0,0,0,0,0,0,0,0,0,0,0,0,0,0,0,160,0.015844721,18.69352349,0.173992636,-0.49543,17.2,46.6,19.99551383,42.38529852,0.464950003,-147.1121497,17.15728468,0.010079636,
0,10,0,0,0,0,0,0,0,0,10,0,0,10,0,0,0,0,0,0,0,0,0,0,0,0,0,10,0,0,0,60,0,0,0,0,0,0,0,0,0,0,0,0,0,0,0,164.5,0.012646503,19.94183533,0.154058674,-0.497,17.2,48.2,20.63353671,41.90496412,0.466355732,-162.1372952,18.64602732,0.009106862,
0,10,0,0,0,0,0,0,0,0,12,0,0,8,0,0,0,0,0,0,0,0,0,0,0,0,0,10,0,0,0,60,0,0,0,0,0,0,0,0,0,0,0,0,0,0,0,164.4,0.012765769,19.91807441,0.154797884,-0.4956,16.8,47.7,20.56024485,41.86074127,0.467465393,-161.4002557,18.61204307,0.009123924,
0,20,0,0,0,0,0,0,0,0,17,0,0,0,0,0,0,0,0,0,0,0,0,0,0,0,0,8,0,0,0,55,0,0,0,0,0,0,0,0,0,0,0,0,0,0,0,160.5,0.015116797,18.79976168,0.170031826,-0.4807,16.1,42.3,20.42764348,42.99997708,0.478523103,-143.9204158,17.3186374,0.009990353,
0,25,0,0,0,0,0,0,5,0,10,0,0,0,0,0,0,0,0,55,0,0,0,0,0,0,0,5,0,0,0,0,0,0,0,0,0,0,0,0,0,0,0,0,0,0,0,165.5,0.020688048,21.18915233,0.198086888,-0.513,15.5,44.4,19.11717145,41.31860545,0.446158704,-182.8077122,18.98814781,0.008279454,
0,25,0,0,0,0,0,0,20,0,0,0,0,0,0,0,0,0,0,55,0,0,0,0,0,0,0,0,0,0,0,0,0,0,0,0,0,0,0,0,0,0,0,0,0,0,0,165.5,0.020688048,21.18915233,0.198086888,-0.5165,15.4,39.4,19.39195909,41.5913829,0.443316692,-184.0549383,18.98814781,0.008279454,
0,20,0,0,0,0,0,0,20,0,0,0,0,0,0,0,0,0,0,60,0,0,0,0,0,0,0,0,0,0,0,0,0,0,0,0,0,0,0,0,0,0,0,0,0,0,0,169,0.019381277,22.33305858,0.189349112,-0.542,14.5,39.2,18.79129956,39.727846,0.424329791,-208.5037096,20.21849026,0.007623446,
0,20,0,0,0,0,0,60,0,0,20,0,0,0,0,0,0,0,0,0,0,0,0,0,0,0,0,0,0,0,0,0,0,0,0,0,0,0,0,0,0,0,0,0,0,0,0,163,0.014819003,19.61055438,0.166437546,-0.526,14.3,43.2,18.27615063,31.91535777,0.440394168,-167.4647123,18.14059061,0.009349554,
0,10,0,0,0,0,0,0,0,0,14,0,0,6,0,0,0,0,0,0,0,0,0,0,0,0,0,10,0,0,0,60,0,0,0,0,0,0,0,0,0,0,0,0,0,0,0,164.3,0.012884664,19.8943135,0.15553293,-0.4942,14.3,33.5,20.48747181,41.81661167,0.468578847,-160.664952,18.57810015,0.009141038,
0,15,0,0,0,0,0,0,0,0,17,0,0,0,0,0,0,0,0,0,0,0,0,0,0,0,0,8,0,0,0,60,0,0,0,0,0,0,0,0,0,0,0,0,0,0,0,163.5,0.01403374,19.71679257,0.162137201,-0.5047,14.2,44.3,19.85563799,41.11492233,0.458581293,-161.9518757,18.30804117,0.009270583,
0,10,0,0,0,0,0,54,0,0,21,0,0,15,0,0,0,0,0,0,0,0,0,0,0,0,0,0,0,0,0,0,0,0,0,0,0,0,0,0,0,0,0,0,0,0,0,161.75,0.012874347,19.02828636,0.157400474,-0.4607,14.1,35.7,20.56688475,35.40625514,0.498964842,-140.3794768,17.72643805,0.009802628,
0,10,0,0,0,0,0,0,0,0,16,0,0,4,0,0,0,0,0,0,0,0,0,0,0,0,0,10,0,0,0,60,0,0,0,0,0,0,0,0,0,0,0,0,0,0,0,164.2,0.013003189,19.87055259,0.156263866,-0.4928,14.1,42.6,20.41521213,41.772575,0.469696107,-159.9313828,18.54419851,0.009158206,
0,10,0,0,0,0,0,0,0,0,18,0,0,2,0,0,0,0,0,0,0,0,0,0,0,0,0,10,0,0,0,60,0,0,0,0,0,0,0,0,0,0,0,0,0,0,0,164.1,0.013121343,19.84679168,0.156990747,-0.4914,14,43.2,20.34346037,41.728631,0.470817185,-159.199547,18.51033814,0.009175425,
0,17.5,0,0,0,0,0,0,0,0,12.45,0,0,0,0,0,0,0,0,57.6,0,0,0,0,0,0,0,12.45,0,0,0,0,0,0,0,0,0,0,0,0,0,0,0,0,0,0,0,167.81,0.019216317,21.88809701,0.189814955,-0.510305,13.9,41.3,19.19181933,40.89141229,0.449574225,-190.6436056,19.79438994,0.007868165,
0,10,0,0,0,0,0,61.2,0,0,23.8,0,0,5,0,0,0,0,0,0,0,0,0,0,0,0,0,0,0,0,0,0,0,0,0,0,0,0,0,0,0,0,0,0,0,0,0,164.85,0.012809312,20.0770233,0.154683402,-0.50986,13.9,35.7,18.82227908,32.12532584,0.455267609,-167.9763621,18.76529792,0.009010773,
0,10,0,0,0,0,0,0,0,0,20,0,0,0,0,0,0,0,0,0,0,0,0,0,0,0,0,10,0,0,0,60,0,0,0,0,0,0,0,0,0,0,0,0,0,0,0,164,0.013239126,19.82303077,0.157713624,-0.49,13.6,45.2,20.2722112,41.68477935,0.471942092,-158.4694435,18.47651902,0.009192698,
0,14,0,0,0,0,0,0,0,0,10,0,0,0,0,0,0,0,0,66,0,0,0,0,0,0,0,10,0,0,0,0,0,0,0,0,0,0,0,0,0,0,0,0,0,0,0,173.2,0.017248409,23.70574607,0.176145263,-0.5676,13.4,34.9,17.88058068,37.47651847,0.406968836,-238.1580051,21.76367703,0.006941923,
0,0,0,0,0,0,50,0,0,0,30,0,0,0,0,0,0,0,0,0,0,0,20,0,0,0,0,0,0,0,0,0,0,0,0,0,0,0,0,0,0,0,0,0,0,0,0,160.5,0.008106025,18.13374404,0.125734804,-0.568,12.6,29,11.68466272,27.77849825,0.413318627,-161.3607719,17.3186374,0.010572426,
0,14,0,0,0,0,0,0,0,0,11,0,0,0,0,0,0,0,0,64,0,0,0,0,0,0,0,11,0,0,0,0,0,0,0,0,0,0,0,0,0,0,0,0,0,0,0,172,0.017650385,23.29067885,0.179103742,-0.5515,12.5,39.1,18.23555133,38.3199411,0.418469962,-225.5285227,21.31444114,0.007137137,
0,10,0,0,0,0,0,68,0,0,20,0,0,2,0,0,0,0,0,0,0,0,0,0,0,0,0,0,0,0,0,0,0,0,0,0,0,0,0,0,0,0,0,0,0,0,0,168.1,0.011997901,21.14406,0.14751324,-0.5608,12.3,31.6,17.59691233,29.61111819,0.415757536,-199.2225447,19.89719012,0.008307192,
0,0,0,0,0,0,48,0,0,0,25,0,0,0,0,0,0,0,0,0,0,0,27,0,0,0,0,0,0,0,0,0,0,0,0,0,0,0,0,0,0,0,0,0,0,0,0,160.65,0.007418573,18.1194655,0.120513304,-0.5913,12.2,18.8,11.63391994,27.76157704,0.397172922,-167.7875076,17.36723972,0.010585509,
0,10,0,0,0,0,0,0,2,0,20,0,0,0,0,0,0,0,0,68,0,0,0,0,0,0,0,0,0,0,0,0,0,0,0,0,0,0,0,0,0,0,0,0,0,0,0,174.8,0.016010938,24.20580384,0.169123653,-0.5734,12,38.8,17.58986618,36.84437331,0.403709252,-248.0145629,22.37241641,0.006718099,
0,10,0,0,0,0,0,68,0,0,20,0,0,0,0,0,0,0,0,0,0,0,0,0,0,0,0,2,0,0,0,0,0,0,0,0,0,0,0,0,0,0,0,0,0,0,0,168,0.012130193,21.12029909,0.148332569,-0.5592,12,31.8,17.59095187,29.61685014,0.416846028,-198.329297,19.86170168,0.008321869,
0,10,0,0,0,0,0,47.6,2,0,20,0,0,0,0,0,0,0,0,20.4,0,0,0,0,0,0,0,0,0,0,0,0,0,0,0,0,0,0,0,0,0,0,0,0,0,0,0,170.04,0.013460596,22.04595052,0.156327445,-0.56388,11.9,32.9,17.58986618,31.4687571,0.412413558,-212.873553,20.59405642,0.007779895,
0,10,0,0,0,0,0,68,2,0,20,0,0,0,0,0,0,0,0,0,0,0,0,0,0,0,0,0,0,0,0,0,0,0,0,0,0,0,0,0,0,0,0,0,0,0,0,168,0.012130193,21.12029909,0.148332569,-0.5598,11.8,30.3,17.58986618,29.61685014,0.416400573,-198.5420966,19.86170168,0.008321869,
0,10,0,0,0,0,0,69,1,0,20,0,0,0,0,0,0,0,0,0,0,0,0,0,0,0,0,0,0,0,0,0,0,0,0,0,0,0,0,0,0,0,0,0,0,0,0,168.5,0.011951153,21.28245763,0.146906751,-0.5674,11.7,30.1,17.41193579,29.27096035,0.41094553,-203.49041,20.03956661,0.008222536,
0,10,0,0,0,0,0,68,0,0,20,0,0,0,0,0,0,0,0,0,0,0,0,0,0,2,0,0,0,0,0,0,0,0,0,0,0,0,0,0,0,0,0,0,0,0,0,168.2,0.011890782,21.16958021,0.146809268,-0.5654,11.7,31.1,17.5098951,29.61111819,0.412450023,-201.2096421,19.9327208,0.008291475,
0,10,0,0,0,0,0,20.4,2,0,20,0,0,0,0,0,0,0,0,47.6,0,0,0,0,0,0,0,0,0,0,0,0,0,0,0,0,0,0,0,0,0,0,0,0,0,0,0,172.76,0.015011145,23.28015242,0.16451443,-0.56932,11.6,34.3,17.58986618,34.3309928,0.407340716,-232.662623,21.59823168,0.007142204,
0,10,0,0,0,0,0,34,2,0,20,0,0,0,0,0,0,0,0,34,0,0,0,0,0,0,0,0,0,0,0,0,0,0,0,0,0,0,0,0,0,0,0,0,0,0,0,171.4,0.014267351,22.66305147,0.160739093,-0.5666,11.6,35.3,17.58986618,32.83762248,0.409843297,-222.6709088,21.09216024,0.007449895,
0,10,0,0,0,0,0,54.4,2,0,20,0,0,0,0,0,0,0,0,13.6,0,0,0,0,0,0,0,0,0,0,0,0,0,0,0,0,0,0,0,0,0,0,0,0,0,0,0,169.36,0.013033293,21.73740004,0.153858315,-0.56252,11.6,31.8,17.58986618,30.82624738,0.413724737,-208.0477786,20.34797261,0.007953972,
0,10,0,0,0,0,0,65,0,0,10,0,0,0,0,0,0,0,0,0,0,0,0,0,0,5,0,10,0,0,0,0,0,0,0,0,0,0,0,0,0,0,0,0,0,0,0,167,0.01203951,20.75702626,0.148618846,-0.55,11.6,29.8,18.18524443,30.84020791,0.423828933,-190.201988,19.50913539,0.008551666,
0,10,0,0,0,0,0,69.5,0.5,0,20,0,0,0,0,0,0,0,0,0,0,0,0,0,0,0,0,0,0,0,0,0,0,0,0,0,0,0,0,0,0,0,0,0,0,0,0,168.75,0.011858328,21.3635369,0.146172005,-0.5712,11.6,31.3,17.32431369,29.10102755,0.408257824,-205.9901616,20.1288959,0.008173596,
0,10,0,0,0,0,0,69.8,0.2,0,20,0,0,0,0,0,0,0,0,0,0,0,0,0,0,0,0,0,0,0,0,0,0,0,0,0,0,0,0,0,0,0,0,0,0,0,0,168.9,0.011801579,21.41218446,0.145724106,-0.57348,11.5,27,17.27216246,29.00001167,0.406657781,-207.4982233,20.18262068,0.008144459,
0,10,0,0,0,0,0,70,0,0,10,0,0,0,0,0,0,0,0,0,0,0,0,0,0,0,0,10,0,0,0,0,0,0,0,0,0,0,0,0,0,0,0,0,0,0,0,169,0.011763308,21.44461617,0.145422553,-0.574,11.5,31.2,17.46869014,29.06654599,0.406312249,-208.1444027,20.21849026,0.00812513,
0,10,0,0,0,0,0,13.6,2,0,20,0,0,0,0,0,0,0,0,54.4,0,0,0,0,0,0,0,0,0,0,0,0,0,0,0,0,0,0,0,0,0,0,0,0,0,0,0,173.44,0.015359741,23.58870289,0.166184378,-0.57068,11.3,35.1,17.58986618,35.1297991,0.406114157,-237.7313541,21.85427501,0.006996078,
0,10,0,0,0,0,0,70,0,0,20,0,0,0,0,0,0,0,0,0,0,0,0,0,0,0,0,0,0,0,0,0,0,0,0,0,0,0,0,0,0,0,0,0,0,0,0,169,0.011763308,21.44461617,0.145422553,-0.575,11.3,29.2,17.23756906,28.93305646,0.405596291,-208.5070236,20.21849026,0.00812513,
0,10,0,0,0,0,0,6.8,2,0,20,0,0,0,0,0,0,0,0,61.2,0,0,0,0,0,0,0,0,0,0,0,0,0,0,0,0,0,0,0,0,0,0,0,0,0,0,0,174.12,0.015692966,23.89725337,0.167718688,-0.57204,11.2,34.4,17.58986618,35.96666384,0.404903751,-242.8486669,22.11233396,0.006854782,
0,10,0,0,0,0,0,27.2,2,0,20,0,0,0,0,0,0,0,0,40.8,0,0,0,0,0,0,0,0,0,0,0,0,0,0,0,0,0,0,0,0,0,0,0,0,0,0,0,172.08,0.014647056,22.97160194,0.162701899,-0.56796,11.2,35.8,17.58986618,33.56770647,0.408583677,-227.6424737,21.34419606,0.007293394,
0,0,0,0,0,0,55,0,0,0,20,0,0,0,0,0,0,0,0,0,0,0,25,0,0,0,0,0,0,0,0,0,0,0,0,0,0,0,0,0,0,0,0,0,0,0,0,163.5,0.006972943,19.03145414,0.115683672,-0.6425,10.8,22.6,10.7299737,25.42131498,0.364060833,-195.8230265,18.30804117,0.009800066,
0,0,0,0,0,0,0,0,0,0,5,0,0,0,0,0,0,0,0,0,0,0,17.5,0,0,0,0,0,0,0,0,0,0,0,0,0,0,0,0,0,0,0,0,0,62.5,15,0,162.625,0.005539571,18.56601409,0.102200154,-0.64075,10.4,19.8,12.82783628,37.66452919,0.366018151,-188.3773382,18.01567497,0.010188534,
0,0,0,0,0,0,0,0,0,0,10,0,0,0,0,0,0,0,0,0,0,0,20,0,0,0,0,0,0,0,0,0,0,0,0,0,0,50,0,0,0,0,0,0,0,20,0,170.5,0.015867121,22.67439262,0.175684056,-0.643,9,20.2,9.953575021,0.0002,0.358373031,-252.8798084,20.76164493,0.007444045,
0,0,0,0,0,0,65,0,0,0,0,0,0,0,0,0,0,0,0,0,9.69,0,8.31,0,0,0,0,0,0,0,0,0,0,0,0,0,0,0,0,0,0,0,0,0,0,17,0,166.4655,0.006840123,20.04310148,0.113115082,-0.765677,9,18.5,8.350661647,19.48572377,0.298878069,-251.6366652,19.32241155,0.009034728,
0,0,0,0,0,0,65,0,0,0,0,0,0,0,0,0,0,0,0,0,9.96,0,8.54,0,0,0,0,0,0,0,0,0,0,0,0,0,0,0,0,0,0,0,0,0,0,16.5,0,166.527,0.006774232,20.05856612,0.112580065,-0.768268,9,17.1,8.304760647,19.40061407,0.297729766,-252.7717844,19.34383522,0.009023794,
0,0,0,0,0,0,20,0,0,0,0,0,0,0,0,0,0,0,0,0,0,0,20,0,0,0,0,0,0,0,0,0,0,0,0,0,0,20,0,0,0,0,0,0,20,20,0,168,0.009569927,20.96636105,0.136516011,-0.698,8.9,17.5,10.37002304,0.000499994,0.330883977,-244.9350179,19.86170168,0.008417998,
0,0,0,0,0,0,0,0,0,0,5,0,0,0,0,0,0,0,0,0,0,0,20,0,0,0,0,0,0,0,0,0,0,0,0,0,0,40,0,0,0,0,0,0,20,15,0,172,0.012028321,22.78262048,0.152276754,-0.6955,7.9,17.6,9.797146617,0.000249999,0.330906105,-275.4295452,21.31444114,0.007388601,
0,0,0,0,0,0,0,0,0,0,5,0,0,0,0,0,0,0,0,0,0,0,20,0,0,0,0,0,0,0,0,0,0,0,0,0,0,60,0,0,0,0,0,0,0,15,0,177,0.013977298,24.99482531,0.161388213,-0.7255,7.8,15.3,8.72178717,0.000166666,0.314545349,-328.8025339,23.22781767,0.006388153,
0,0,0,0,0,0,0,0,0,0,0,0,0,0,0,0,0,0,0,0,0,0,18,0,0,0,0,0,0,0,0,0,0,0,0,0,0,60,0,0,0,0,0,0,0,22,0,176.7,0.014388155,24.91820187,0.163691066,-0.7312,7.7,14.6,8.766918062,0.000166666,0.311555117,-329.9080553,23.1099102,0.006419021,
0,0,0,0,0,0,0,0,0,0,0,0,0,0,0,0,0,0,0,0,5,0,15,0,0,0,0,0,0,0,0,0,0,0,0,0,0,60,0,0,0,0,0,0,0,20,0,176.75,0.014258948,24.92646949,0.163064497,-0.7545,7,16.1,8.081453954,0.000166666,0.300599662,-340.5851444,23.12953367,0.006415678,
0,0,0,0,0,0,20,0,0,0,0,0,0,0,0,0,0,0,0,0,11,0,9,0,0,0,0,0,0,0,0,0,0,0,0,0,0,20,0,0,0,0,0,0,20,20,0,167.45,0.010019917,20.81597825,0.139830908,-0.7343,6.3,12,8.609431406,0.000499992,0.312172159,-254.9873586,19.66726932,0.008513673,
