Ag,Al,Au,B,Be,C,Ca,Ce,Co,Cr,Cu,Dy,Er,Fe,Gd,Ge,Hf,Ho,In,La,Li,Lu,Mg,Mn,Mo,Nb,Nd,Ni,P,Pb,Pd,Pr,Pt,Sc,Si,Sm,Sn,Sr,Ta,Tb,Ti,Tm,V,Y,Yb,Zn,Zr,G,K
0,0,0,35,0,0,0,0,56,0,0,0,0,0,0,0,0,0,0,0,0,0,0,0,0,0,0,0,0,0,0,0,0,0,0,0,0,0,9,0,0,0,0,0,0,0,0,93.8,224.1
0,0,0,35,0,0,0,0,58,0,0,0,0,0,0,0,0,0,0,0,0,0,0,0,0,0,0,0,0,0,0,0,0,0,0,0,0,0,7,0,0,0,0,0,0,0,0,91.5,215.7
0,0,0,0,0,15,0,0,0,10,0,0,2,64,0,0,0,0,0,0,0,0,0,0,9,0,0,0,0,0,0,0,0,0,0,0,0,0,0,0,0,0,0,0,0,0,0,88.2,166.8
0,0,0,6,0,15,0,0,0,15,0,0,2,48,0,0,0,0,0,0,0,0,0,0,14,0,0,0,0,0,0,0,0,0,0,0,0,0,0,0,0,0,0,0,0,0,0,85.8,191.1
0,0,0,6,0,15,0,0,7,15,0,0,0,41,0,0,0,0,0,0,0,0,0,0,14,0,0,0,0,0,0,0,0,0,0,0,0,0,0,0,0,0,0,2,0,0,0,84.1,192.5
0,0,0,8,0,13,0,0,0,15,0,0,1,49,0,0,0,0,0,0,0,0,0,0,14,0,0,0,0,0,0,0,0,0,0,0,0,0,0,0,0,0,0,0,0,0,0,82.5,201
0,0,0,6,0,15,0,0,43,15,0,0,2,5,0,0,0,0,0,0,0,0,0,0,14,0,0,0,0,0,0,0,0,0,0,0,0,0,0,0,0,0,0,0,0,0,0,82,
0,0,0,6,0,15,0,0,0,15,0,0,0,50,0,0,0,0,0,0,0,0,0,0,14,0,0,0,0,0,0,0,0,0,0,0,0,0,0,0,0,0,0,0,0,0,0,82,204
0,0,0,6,0,15,0,0,0,15,0,0,1,49,0,0,0,0,0,0,0,0,0,0,14,0,0,0,0,0,0,0,0,0,0,0,0,0,0,0,0,0,0,0,0,0,0,81.9,200
0,0,0,6,0,15,0,0,0,15,0,0,2,48,0,0,0,0,0,0,0,0,0,0,14,0,0,0,0,0,0,0,0,0,0,0,0,0,0,0,0,0,0,0,0,0,0,81,195
0,0,0,4,0,17,0,0,0,15,0,0,1,49,0,0,0,0,0,0,0,0,0,0,14,0,0,0,0,0,0,0,0,0,0,0,0,0,0,0,0,0,0,0,0,0,0,80.8,200
0,0,0,3,0,18,0,0,0,15,0,0,1,49,0,0,0,0,0,0,0,0,0,0,14,0,0,0,0,0,0,0,0,0,0,0,0,0,0,0,0,0,0,0,0,0,0,80.2,200
0,0,0,5.88,0,12.74,0,0,0,9.8,0,0,1.96,58.8,0,0,0,0,0,0,0,0,0,0,8.82,0,0,0,0,2,0,0,0,0,0,0,0,0,0,0,0,0,0,0,0,0,0,79.6,170.7
0,0,0,5.88,2,12.74,0,0,0,9.8,0,0,1.96,58.8,0,0,0,0,0,0,0,0,0,0,8.82,0,0,0,0,0,0,0,0,0,0,0,0,0,0,0,0,0,0,0,0,0,0,79.2,167.2
0,0,0,6,0,13,0,0,0,10,0,0,2,60,0,0,0,0,0,0,0,0,0,0,9,0,0,0,0,0,0,0,0,0,0,0,0,0,0,0,0,0,0,0,0,0,0,79.2,169.1
0,0,0,2,0,19,0,0,0,15,0,0,1,49,0,0,0,0,0,0,0,0,0,0,14,0,0,0,0,0,0,0,0,0,0,0,0,0,0,0,0,0,0,0,0,0,0,78.9,207
0,0,0,5.7,5,12.35,0,0,0,9.5,0,0,1.9,57,0,0,0,0,0,0,0,0,0,0,8.55,0,0,0,0,0,0,0,0,0,0,0,0,0,0,0,0,0,0,0,0,0,0,78.8,167.9
0,0,0,5.88,0,12.74,0,0,0,9.8,0,0,0,58.8,0,0,0,0,0,0,0,0,0,0,8.82,0,0,0,0,0,0,0,0,0,0,0,0,0,0,0,0,0,2,1.96,0,0,0,78.1,172.7
0,0,0,6,0,15,0,0,0,0,0,0,2,63,0,0,0,0,0,0,0,0,0,0,14,0,0,0,0,0,0,0,0,0,0,0,0,0,0,0,0,0,0,0,0,0,0,77.8,178
0,0,0,6,0,15,0,0,0,6,0,0,0,59,0,0,0,0,0,0,0,0,0,0,14,0,0,0,0,0,0,0,0,0,0,0,0,0,0,0,0,0,0,0,0,0,0,77.4,188
0,0,0,6,0,15,0,0,0,4,0,0,0.5,60.5,0,0,0,0,0,0,0,0,0,0,14,0,0,0,0,0,0,0,0,0,0,0,0,0,0,0,0,0,0,0,0,0,0,76.6,184
0,0,0,5.7,0,12.35,0,0,0,9.5,0,0,1.9,57,0,0,0,0,0,0,0,0,0,0,8.55,0,0,5,0,0,0,0,0,0,0,0,0,0,0,0,0,0,0,0,0,0,0,76.6,166.6
0,0,0,5.88,0,12.74,0,0,0,9.8,0,0,1.96,58.8,0,0,0,0,2,0,0,0,0,0,8.82,0,0,0,0,0,0,0,0,0,0,0,0,0,0,0,0,0,0,0,0,0,0,76.3,142.2
0,0,0,6,0,15,0,0,5.85,6,0,0,0.5,52.65,0,0,0,0,0,0,0,0,0,0,14,0,0,0,0,0,0,0,0,0,0,0,0,0,0,0,0,0,0,0,0,0,0,76.2,190
0,0,0,6,0,16,0,0,0,4,0,0,0,50,0,0,0,0,0,0,0,0,0,10,14,0,0,0,0,0,0,0,0,0,0,0,0,0,0,0,0,0,0,0,0,0,0,76.1,180
0,0,0,3,0,18,0,0,5.85,6,0,0,0.5,52.65,0,0,0,0,0,0,0,0,0,0,14,0,0,0,0,0,0,0,0,0,0,0,0,0,0,0,0,0,0,0,0,0,0,75.3,187
0,0,0,2,0,19,0,0,5.85,6,0,0,0.5,52.65,0,0,0,0,0,0,0,0,0,0,14,0,0,0,0,0,0,0,0,0,0,0,0,0,0,0,0,0,0,0,0,0,0,74.4,188
0,0,0,23,0,0,0,0,0,0,0,0,0,71,0,0,0,0,0,0,0,0,0,0,0,6,0,0,0,0,0,0,0,0,0,0,0,0,0,0,0,0,0,0,0,0,0,73.4,182.6
0,0,0,23,0,0,0,0,0,0,0,0,0,53.25,0,0,0,0,0,0,0,0,0,0,0,6,0,17.75,0,0,0,0,0,0,0,0,0,0,0,0,0,0,0,0,0,0,0,73.4,186.5
0,0,0,6,0,15,0,0,6.4,0,0,0,1,57.6,0,0,0,0,0,0,0,0,0,0,14,0,0,0,0,0,0,0,0,0,0,0,0,0,0,0,0,0,0,0,0,0,0,73,177
0,0,0,6,0,15,0,0,6.425,0,0,0,0.75,57.825,0,0,0,0,0,0,0,0,0,0,14,0,0,0,0,0,0,0,0,0,0,0,0,0,0,0,0,0,0,0,0,0,0,73,176
0,0,0,6,0,15,0,0,6.45,0,0,0,0.5,58.05,0,0,0,0,0,0,0,0,0,0,14,0,0,0,0,0,0,0,0,0,0,0,0,0,0,0,0,0,0,0,0,0,0,73,175
0,0,0,6,0,15,0,0,6.475,0,0,0,0.25,58.275,0,0,0,0,0,0,0,0,0,0,14,0,0,0,0,0,0,0,0,0,0,0,0,0,0,0,0,0,0,0,0,0,0,73,175
0,0,0,6,0,15,0,0,0,0,0,0,0,65,0,0,0,0,0,0,0,0,0,0,14,0,0,0,0,0,0,0,0,0,0,0,0,0,0,0,0,0,0,0,0,0,0,73,195
0,0,0,6,0,15,0,0,6.4875,0,0,0,0.125,58.3875,0,0,0,0,0,0,0,0,0,0,14,0,0,0,0,0,0,0,0,0,0,0,0,0,0,0,0,0,0,0,0,0,0,73,178
0,0,0,5,0,7,0,0,0,3,0,0,0,63,0,0,0,0,0,0,0,0,0,0,12,0,0,0,10,0,0,0,0,0,0,0,0,0,0,0,0,0,0,0,0,0,0,68.8,179
0,0,0,3,0,10,0,0,0,3,0,0,0,68,0,0,0,0,0,0,0,0,0,0,10,0,0,0,6,0,0,0,0,0,0,0,0,0,0,0,0,0,0,0,0,0,0,67.6,172
0,0,0,6,0,8,0,0,0,2,0,0,0,65,0,0,0,0,0,0,0,0,0,0,9,0,0,0,10,0,0,0,0,0,0,0,0,0,0,0,0,0,0,0,0,0,0,66.8,174
0,0,0,3,0,10,0,0,0,3,0,0,0,66,0,0,0,0,0,0,0,0,0,0,10,0,0,0,8,0,0,0,0,0,0,0,0,0,0,0,0,0,0,0,0,0,0,66.5,172
0,0,0,0,0,0,0,0,0,0,0,0,0,0,0,0,0,0,0,0,0,0,0,0,0,35,0,60,0,0,0,0,0,0,0,0,5,0,0,0,0,0,0,0,0,0,0,66.3,267
0,0,0,2,0,10,0,0,0,0,0,0,0,66,0,0,0,0,0,0,0,0,0,0,10,0,0,0,12,0,0,0,0,0,0,0,0,0,0,0,0,0,0,0,0,0,0,66.1,176
0,0,0,3,0,10,0,0,0,3,0,0,0,64,0,0,0,0,0,0,0,0,0,0,10,0,0,0,10,0,0,0,0,0,0,0,0,0,0,0,0,0,0,0,0,0,0,66,174
0,0,0,2,0,10,0,0,0,3,0,0,0,63,0,0,0,0,0,0,0,0,0,0,10,0,0,0,12,0,0,0,0,0,0,0,0,0,0,0,0,0,0,0,0,0,0,65.3,178
0,0,0,5,0,7,0,0,0,3,0,0,0,63,0,0,0,0,0,0,0,0,0,0,12,0,0,0,10,0,0,0,0,0,0,0,0,0,0,0,0,0,0,0,0,0,0,65.2,174
0,0,0,23,0,0,0,0,0,0,0,0,0,35.5,0,0,0,0,0,0,0,0,0,0,0,6,0,35.5,0,0,0,0,0,0,0,0,0,0,0,0,0,0,0,0,0,0,0,64.9,203.8
0,0,0,0,0,9,0,0,0,0,0,0,0,80,0,0,0,0,0,0,0,0,0,0,0,0,0,0,11,0,0,0,0,0,0,0,0,0,0,0,0,0,0,0,0,0,0,61,148
0,0,0,0,0,0,0,0,0,0,0,0,0,0,0,0,0,0,0,0,0,0,0,0,0,27.2,0,60,0,0,0,0,0,0,0,0,6,0,6.8,0,0,0,0,0,0,0,0,59.4,189
0,0,0,2.5,0,5,0,0,0,2,0,0,0,68,0,0,0,0,0,0,0,0,0,0,5,0,0,5,12.5,0,0,0,0,0,0,0,0,0,0,0,0,0,0,0,0,0,0,57.9,149.7
0,0,0,2.5,0,5,0,0,0,0,0,0,0,70,0,0,0,0,0,0,0,0,0,0,5,0,0,5,12.5,0,0,0,0,0,0,0,0,0,0,0,0,0,0,0,0,0,0,57.3,150.1
0,0,0,2.5,0,5,0,0,0,0,0,0,0,70,0,0,0,0,0,0,0,0,0,0,5,0,0,5,12.5,0,0,0,0,0,0,0,0,0,0,0,0,0,0,0,0,0,0,57.3,150.1
0,0,0,2.5,0,5,0,0,0,0,0,0,0,74.5,0,0,0,0,0,0,0,0,0,0,5.5,0,0,0,12.5,0,0,0,0,0,0,0,0,0,0,0,0,0,0,0,0,0,0,56.9,145
0,0,0,0,0,0,0,0,3,0,0,0,0,0,0,0,8,0,0,0,0,0,0,0,0,28,0,56,0,0,0,0,0,0,0,0,5,0,0,0,0,0,0,0,0,0,0,52.9,173.8
0,15,0,0,23.375,0,0,0,0,0,6.375,0,0,0,0,0,0,0,0,0,0,0,0,0,0,0,0,8.5,0,0,0,0,0,0,0,0,0,0,0,0,7.0125,0,0,0,0,0,39.7375,48.4,116.9
0,0,0,0,0,0,0,0,0,0,0,0,0,0,0,0,0,0,0,0,0,0,0,0,0,50,0,50,0,0,0,0,0,0,0,0,0,0,0,0,0,0,0,0,0,0,0,48.1,
0,0,0,0,0,0,0,0,0,0,0,0,0,0,0,0,0,0,0,0,0,0,0,0,0,6,0,59,0,0,0,0,0,0,3,0,2,0,0,0,11,0,0,0,0,0,19,47.5,159.2
0,10,0,0,0,0,0,0,0,0,5,0,0,0,0,0,0,0,0,0,0,0,0,0,0,0,0,40,0,0,0,0,0,0,0,0,0,0,0,0,16.5,0,0,0,0,0,28.5,45.2,140.2
0,10,0,0,24.75,0,0,0,0,0,6.75,0,0,0,0,0,0,0,0,0,0,0,0,0,0,0,0,9,0,0,0,0,0,0,0,0,0,0,0,0,7.425,0,0,0,0,0,42.075,44.5,113.8
0,12,0,0,24.2,0,0,0,0,0,6.6,0,0,0,0,0,0,0,0,0,0,0,0,0,0,0,0,8.8,0,0,0,0,0,0,0,0,0,0,0,0,7.26,0,0,0,0,0,41.14,44.1,112.6
0,10,0,0,27.5,0,0,0,0,0,7.5,0,0,0,0,0,0,0,0,0,0,0,0,0,0,0,0,0,0,0,0,0,0,0,0,0,0,0,0,0,30,0,0,0,0,0,25,43.7,101.7
0,13,0,0,0,0,0,0,0,0,29.25,0,0,0,0,0,48,0,0,0,0,0,0,0,0,0,0,9.75,0,0,0,0,0,0,0,0,0,0,0,0,0,0,0,0,0,0,0,43.1,130.3
0,13,0,0,0,0,0,0,0,0,29.25,0,0,0,0,0,46,0,0,0,0,0,0,0,0,2,0,9.75,0,0,0,0,0,0,0,0,0,0,0,0,0,0,0,0,0,0,0,43.1,128.9
0,9,0,0,0,0,0,0,0,0,49,0,0,0,0,0,42,0,0,0,0,0,0,0,0,0,0,0,0,0,0,0,0,0,0,0,0,0,0,0,0,0,0,0,0,0,0,42.7,128.9
0,12,0,0,0,0,0,0,0,0,27.25,0,0,0,0,0,49,0,0,0,0,0,0,0,0,0,0,9.75,0,0,0,0,0,0,0,0,0,0,2,0,0,0,0,0,0,0,0,42.4,127.6
0,0,0,0,28,0,0,0,0,0,10,0,0,0,0,0,0,0,0,0,0,0,0,0,0,0,0,11,0,0,0,0,0,0,0,0,0,0,0,0,15,0,0,2,0,0,34,41.7,103.7
0,13,0,0,0,0,0,0,0,0,0,0,0,0,0,0,62,0,0,0,0,0,0,0,0,0,0,25,0,0,0,0,0,0,0,0,0,0,0,0,0,0,0,0,0,0,0,41.3,128.8
0,5,0,0,26.125,0,0,0,0,0,7.125,0,0,0,0,0,0,0,0,0,0,0,0,0,0,0,0,9.5,0,0,0,0,0,0,0,0,0,0,0,0,7.8375,0,0,0,0,0,44.4125,40.5,115.8
0,0,0,0,22.05,0,0,0,0,0,12.25,0,0,0,0,0,0,0,0,0,0,0,0,0,0,0,0,9.8,0,0,0,0,0,0,0,0,0,0,0,0,13.72,0,0,2,0,0,40.18,40.2,
0,10,0,0,0,0,0,0,0,0,0,0,0,0,0,0,0,0,0,0,0,0,0,0,0,0,0,45,0,0,0,0,0,0,0,0,0,0,0,0,20,0,0,0,0,0,25,40.2,108.7
0,10,0,0,0,0,0,0,0,0,2,0,0,0,0,0,0,0,0,0,0,0,0,0,0,0,0,40,0,0,2,0,0,0,0,0,0,0,0,0,18.4,0,0,0,0,0,27.6,39.8,131.2
0,5,0,0,27.5,0,0,0,0,0,7.5,0,0,0,0,0,0,0,0,0,0,0,0,0,0,0,0,0,0,0,0,0,0,0,0,0,0,0,0,0,30,0,0,0,0,0,30,39.7,98.3
0,10,0,0,0,0,0,0,0,0,4,0,0,0,0,0,0,0,0,0,0,0,0,0,0,0,0,40,0,0,0,0,0,0,0,0,0,0,0,0,18.4,0,0,0,0,0,27.6,39.6,132.3
0,0,0,0,22.5,1,0,0,0,0,12.5,0,0,0,0,0,0,0,0,0,0,0,0,0,0,0,0,9,0,0,0,0,0,0,0,0,0,0,0,0,14,0,0,0,0,0,41,39.5,130.4
0,10,0,0,0,0,0,0,0,0,0,0,0,0,0,0,0,0,0,0,0,0,0,0,0,0,0,44,0,0,0,0,0,0,0,0,0,0,0,0,18.4,0,0,0,0,0,27.6,39.5,107.3
0,0,0,0,30,0,0,0,0,5,0,0,0,0,0,0,0,0,0,0,0,0,0,0,0,0,0,0,0,0,0,0,0,0,0,0,0,0,0,0,45,0,0,0,0,0,20,39.2,114.5
0,10,0,0,15,0,0,0,0,0,15,0,0,0,0,0,0,0,0,0,0,0,0,0,0,0,0,10,0,0,0,0,0,0,0,0,0,0,0,0,0,0,0,0,0,0,50,38.8,110.9
0,0,0,0,22.5,0,0,0,0,0,12.5,0,0,10,0,0,0,0,0,0,0,0,0,0,0,0,0,0,0,0,0,0,0,0,0,0,0,0,0,0,14,0,0,0,0,0,41,38.7,109.8
0,0,0,0,0,0,0,0,0,0,0,0,0,16,0,0,0,0,0,0,0,0,0,0,0,0,0,0,20,0,64,0,0,0,0,0,0,0,0,0,0,0,0,0,0,0,0,37.9,169.8
0,0,0,0,0,0,0,0,0,0,0,0,0,0,0,0,0,0,0,0,0,0,0,0,0,0,0,64,20,0,16,0,0,0,0,0,0,0,0,0,0,0,0,0,0,0,0,37.9,169.8
0,0,0,0,0,0,0,0,0,0,50.4,0,0,0,0,0,0,0,0,0,0,0,0,0,0,0,0,5.6,0,0,0,0,0,0,0,0,0,0,0,0,31,0,0,0,0,0,13,37.4,115.1
0,23.5,0,0,0,0,0,0,0,0,0,0,0,0,0,0,0,0,0,0,0,0,0,0,0,0,0,23.5,0,0,0,0,0,0,0,0,0,0,0,0,0,0,0,0,0,0,53,37.4,126.5
0,0,0,0,27.5,0,0,0,0,0,7.5,0,0,0,0,0,0,0,0,0,0,0,0,0,0,0,0,10,0,0,0,0,0,0,0,0,0,0,0,0,8.25,0,0,0,0,0,46.75,37.2,111.9
0,0,0,0,26.25,0,0,0,0,0,10.15,0,0,0,0,0,0,0,0,0,0,0,0,0,0,0,0,8.6,0,0,0,0,0,0,0,0,0,0,0,0,9.6,0,0,0,0,0,45.4,37,111.9
0,0,0,0,0,0,0,0,0,0,60,0,0,0,0,0,10,0,0,0,0,0,0,0,0,0,0,0,0,0,0,0,0,0,0,0,0,0,0,0,10,0,0,0,0,0,20,36.9,128.2
0,0,0,0,27.5,0,0,0,0,0,15,0,0,0,0,0,0,0,0,0,0,0,0,0,0,0,0,0,0,0,0,0,0,0,0,0,0,0,0,0,24,0,0,0,0,0,33.5,36.8,113
0,2,0,0,27.5,0,0,0,0,0,7.5,0,0,0,0,0,0,0,0,0,0,0,0,0,0,0,0,0,0,0,0,0,0,0,0,0,0,0,0,0,30,0,0,0,0,0,33,36.7,161
0,0,0,0,0,0,0,0,0,0,0,0,0,0,0,0,0,0,0,0,0,0,0,0,0,0,0,80,20,0,0,0,0,0,0,0,0,0,0,0,0,0,0,0,0,0,0,36.7,97.2
0,0,0,0,0,0,0,0,0,0,60,0,0,0,0,0,0,0,0,0,0,0,0,0,0,0,0,0,0,0,0,0,0,0,0,0,1,0,0,0,10,0,0,0,0,0,29,36.6,100.7
0,0,0,0,22.5,0,0,0,0,0,12.5,0,0,0,0,0,0,0,0,0,0,0,0,0,0,0,0,10,0,0,0,0,0,0,0,0,0,0,0,0,14,0,0,0,0,0,41,36.5,175
0,0,0,0,0,0,0,0,0,0,0,0,0,0,0,0,0,0,0,0,0,0,0,0,0,0,0,40,20,0,40,0,0,0,0,0,0,0,0,0,0,0,0,0,0,0,0,36.5,115.3
0,0,0,0,22,0,0,0,0,0,13,0,0,0,0,0,0,0,0,0,0,0,0,0,0,10,0,10,0,0,0,0,0,0,0,0,0,0,0,0,0,0,0,0,0,0,45,36.4,117.9
0,0,0,0,22.5,0,0,0,0,0,12.5,0,0,5,0,0,0,0,0,0,0,0,0,0,0,0,0,5,0,0,0,0,0,0,0,0,0,0,0,0,14,0,0,0,0,0,41,36.3,121.4
0,10,0,0,0,0,0,0,0,0,45,0,0,0,0,0,0,0,0,0,0,0,0,0,0,0,0,0,0,0,0,0,0,0,0,0,0,0,0,0,0,0,0,0,0,0,45,36.3,112.3
0,0,0,0,22.5,0,0,0,0,0,12.5,0,0,2,0,0,0,0,0,0,0,0,0,0,0,0,0,8,0,0,0,0,0,0,0,0,0,0,0,0,14,0,0,0,0,0,41,36.1,112.3
0,10,0,0,12.5,0,0,0,0,0,15,0,0,0,0,0,0,0,0,0,0,0,0,0,0,0,0,10,0,0,0,0,0,0,0,0,0,0,0,0,0,0,0,0,0,0,52.5,35.9,112
0,0,0,0,25,0,0,0,0,0,25,0,0,0,0,0,0,0,0,0,0,0,0,0,0,0,0,0,0,0,0,0,0,0,0,0,0,0,0,0,0,0,0,0,0,0,50,35.8,108.9
0,0,0,0,35,0,0,0,0,0,0,0,0,0,0,0,0,0,0,0,0,0,0,0,0,0,0,0,0,0,0,0,0,0,0,0,0,0,0,0,45,0,0,0,0,0,20,35.7,111.4
0,0,0,0,25,0,0,0,0,0,9.3,0,0,0.5,0,0,0,0,0,0,0,0,0,0,0,0,0,10.2,0,0,0,0,0,0,0,0,0,0,0,0,11,0,0,0,0,0,44,35.7,112.2
0,0,0,0,20,0,0,0,0,0,12,0,0,0,0,0,0,0,0,0,0,0,0,0,0,0,0,3,0,0,0,0,0,0,0,0,0,0,0,0,40,0,0,0,0,0,25,35.5,172.6
0,0,0,0,0,0,0,0,0,0,30,0,0,0,0,0,0,0,0,0,0,0,0,0,0,0,0,10,20,0,40,0,0,0,0,0,0,0,0,0,0,0,0,0,0,0,0,35.5,109.6
0,0,0,0,25,0,0,0,0,0,20,0,0,0,0,0,0,0,0,0,0,0,0,0,0,0,0,0,0,0,0,0,0,0,0,0,0,0,0,0,11,0,0,0,0,0,44,35.3,159.4
0,0,0,0,0,0,0,0,0,0,30,0,0,0,0,0,0,0,0,0,0,0,0,0,0,0,0,10,21,0,39,0,0,0,0,0,0,0,0,0,0,0,0,0,0,0,0,35.3,111.2
0,16,0,0,0,0,0,0,0,0,18.648,0,0,0,0,0,0,0,0,0,0,0,0,0,0,0,0,11.172,0,0,0,0,0,0,0,0,0,0,0,0,4.704,0,0,0,0,0,49.476,35.3,113.3
0,0,0,0,24,0,0,0,0,0,12,0,0,8,0,0,0,0,0,0,0,0,0,0,0,8,0,0,0,0,0,0,0,0,0,0,0,0,0,0,0,0,0,0,0,0,48,35.2,113.6
0,0,0,0,22,0,0,0,0,0,13,0,0,8,0,0,0,0,0,0,0,0,0,0,0,8,0,4,0,0,0,0,0,0,0,0,0,0,0,0,0,0,0,0,0,0,45,35.1,114.9
0,0,0,0,22.5,0,0,0,0,0,12.5,0,0,8,0,0,0,0,0,0,0,0,0,0,0,0,0,2,0,0,0,0,0,0,0,0,0,0,0,0,14,0,0,0,0,0,41,35,98.4
0,0,0,0,0,0,0,0,0,0,60,0,0,0,0,0,0,0,0,0,0,0,0,0,0,0,0,0,0,0,0,0,0,0,0,0,0,0,0,0,7,0,0,0,0,0,33,34.9,122.2
0,9,0,0,0,0,0,0,0,0,45,0,0,0,0,0,0,0,0,0,0,0,0,0,0,0,0,0,0,0,0,0,0,0,0,0,0,0,0,0,0,0,0,0,0,0,46,34.9,118.6
0,10,0,0,0,0,0,0,0,0,15,0,0,0,0,0,0,0,0,0,0,0,0,0,0,9,0,11,0,0,0,0,0,0,0,0,0,0,0,0,0,0,0,0,0,0,55,34.8,117.3
0,0,0,0,21.5,0,0,0,0,0,11,0,0,0,0,0,0,0,0,0,0,0,0.5,0,0,0,0,11,0,0,0,0,0,0,0,0,0,0,0,0,15,0,0,1,0,0,40,34.7,109.9
0,19.4,0,0,0,0,0,0,0,0,0,0,0,0,0,0,0,0,0,0,0,0,0,0,0,0,0,24.8,0,0,0,0,0,0,0,0,0,0,0,0,0,0,0,0,0,0,55.8,34.6,113.9
0,0,0,0,27.5,0,0,0,0,0,7.5,0,0,0,0,0,0,0,0,0,0,0,0,0,0,0,0,0,0,0,0,0,0,0,0,0,0,0,0,0,30,0,0,0,0,0,35,34.5,96.5
0,0,0,0,18,0,0,0,0,0,14,0,0,0,0,0,0,0,0,0,0,0,0,0,0,8,0,12,0,0,0,0,0,0,0,0,0,0,0,0,0,0,0,0,0,0,48,34.4,111.6
0,10,0,0,10,0,0,0,0,0,15,0,0,0,0,0,0,0,0,0,0,0,0,0,0,0,0,10,0,0,0,0,0,0,0,0,0,0,0,0,0,0,0,0,0,0,55,34.4,103.2
0,6.72,0,0,0,0,0,0,0,0,44.16,0,0,0,0,0,0,0,0,0,0,0,0,0,0,0,0,0,0,0,0,0,0,0,0,0,4,0,0,0,0,0,0,4.8,0,0,40.32,34.4,118.4
0,0,0,0,0,0,0,0,0,0,0,0,0,24,0,0,0,0,0,0,0,0,0,0,0,0,0,0,20,0,56,0,0,0,0,0,0,0,0,0,0,0,0,0,0,0,0,34.3,116.4
0,8,0,0,0,0,0,0,0,0,46,0,0,0,0,0,0,0,0,0,0,0,0,0,0,0,0,0,0,0,0,0,0,0,0,0,0,0,0,0,0,0,0,0,0,0,46,34.3,161.2
0,0,0,0,20.5,0,0,0,0,0,12.5,0,0,12,0,0,0,0,0,0,0,0,0,0,0,0,0,5,0,0,0,0,0,0,0,0,0,0,0,0,14,0,0,0,0,0,36,34,112.7
0,14.3,0,0,0,0,0,0,0,0,18.854,0,0,0,0,0,0,0,0,0,0,0,0,0,0,0,0,11.141,0,0,0,0,0,0,0,0,0,0,0,0,5.142,0,0,0,0,0,50.563,34,113.4
0,16,0,0,0,0,0,0,28,0,0,0,0,0,0,0,0,0,0,0,0,0,0,0,0,0,0,0,0,0,0,0,0,0,0,0,0,0,0,0,0,0,0,0,0,0,56,33.9,113.1
0,0,0,0,0,0,0,0,0,0,0,0,0,0,0,0,0,0,0,0,0,0,0,0,0,0,0,15,25,0,0,0,60,0,0,0,0,0,0,0,0,0,0,0,0,0,0,33.8,112.3
0,15,0,0,0,0,0,0,0,0,20,0,0,0,0,0,0,0,0,0,0,0,0,0,0,0,0,12,0,0,0,0,0,0,0,0,0,0,0,0,5,0,0,0,0,0,53,33.8,113.8
0,14.7,0,0,0,0,0,0,0,0,19.6,0,0,0,0,0,0,0,0,0,0,0,0,0,0,0,0,9.8,0,0,0,0,0,0,0,0,0,0,0,0,0,0,0,2,0,0,53.9,33.8,201.9
0,6,0,0,0,0,0,0,0,0,47,0,0,0,0,0,0,0,0,0,0,0,0,0,0,0,0,0,0,0,0,0,0,0,0,0,0,0,0,0,0,0,0,0,0,0,47,33.8,110.6
0,19,0,0,0,0,0,0,0,0,0,0,0,0,0,0,0,0,0,0,0,0,0,0,0,0,0,21,0,0,0,0,0,0,0,0,0,0,0,0,0,0,0,0,0,0,60,33.5,109.1
0,12,0,0,0,0,0,0,0,0,19.536,0,0,0,0,0,0,0,0,0,0,0,0,0,0,0,0,11.704,0,0,0,0,0,0,0,0,0,0,0,0,4.928,0,0,0,0,0,51.832,33.4,182.6
0,0,0,0,0,0,0,0,0,0,0,0,0,0,0,0,0,0,0,0,0,0,0,0,0,0,0,0,0,0,81,0,0,0,19,0,0,0,0,0,0,0,0,0,0,0,0,33.4,111.4
0,0,0,0,0,0,0,0,0,0,14.7,0,0,0,0,0,0,0,0,0,0,0,0,0,0,0,0,5.3,22.5,0,0,0,57.5,0,0,0,0,0,0,0,0,0,0,0,0,0,0,33.3,117.3
0,5,0,0,0,0,0,0,0,0,50,0,0,0,0,0,0,0,0,0,0,0,0,0,0,0,0,0,0,0,0,0,0,0,0,0,0,0,0,0,0,0,0,0,0,0,45,33.3,198.7
14.75,0,0,0,0,0,0,0,0,0,44.25,0,0,0,0,0,0,0,0,0,0,0,0,0,0,0,0,0,0,0,0,0,0,0,0,0,0,0,0,0,5,0,0,0,0,0,36,33.1,117
0,7,0,0,0,0,0,0,0,0,45,0,0,0,0,0,0,0,0,0,0,0,0,0,0,0,0,0,0,0,0,0,0,0,0,0,0,0,0,0,0,0,0,0,0,0,48,33,112.8
0,9,0,0,0,0,0,0,0,0,45,0,0,0,0,0,0,0,0,0,0,0,0,0,0,0,0,0,0,0,0,0,0,0,0,0,0,0,0,0,0,0,0,3.45,0,0,42.55,32.9,123.7
0,0,0,0,0,0,0,0,0,0,6,0,0,0,0,0,0,0,0,0,0,0,0,0,0,0,0,0,0,0,77.5,0,0,0,16.5,0,0,0,0,0,0,0,0,0,0,0,0,32.9,110
0,7,0,0,0,0,0,0,0,0,46,0,0,0,1,0,0,0,0,0,0,0,0,0,0,0,0,0,0,0,0,0,0,0,0,0,0,0,0,0,0,0,0,0,0,0,46,32.9,174.6
0,2,0,0,26.95,0,0,0,0,0,7.35,0,0,0,0,0,0,0,0,0,0,0,0,0,0,0,0,9.8,0,0,0,0,0,0,0,0,0,0,0,0,8.085,0,0,0,0,0,45.815,32.8,172
0,0,0,0,0,0,0,0,0,0,0,0,0,0,0,0,0,0,0,0,0,0,0,0,0,0,0,16,20,0,64,0,0,0,0,0,0,0,0,0,0,0,0,0,0,0,0,32.8,110.6
0.3,0,0,4,0,0,0,0,0,0,1.5,0,0,0,0,0,0,0,0,0,0,0,0,0,0,0,0,0,18,0,0,0,74.7,0,1.5,0,0,0,0,0,0,0,0,0,0,0,0,32.4,114.8
0,7,0,0,0,0,0,0,0,0,45,0,0,0,3,0,0,0,0,0,0,0,0,0,0,0,0,0,0,0,0,0,0,0,0,0,0,0,0,0,0,0,0,0,0,0,45,32.4,117.1
0,15.4,0,0,0,0,0,0,0,0,0,0,0,0,0,0,0,0,0,0,0,0,0,0,0,0,0,26.6,0,0,0,0,0,0,0,0,0,0,0,0,0,0,0,0,0,0,58,32.4,216.7
0,5.5,0,0,0,0,0,0,0,0,47.25,0,0,0,0,0,0,0,0,0,0,0,0,0,0,0,0,0,0,0,0,0,0,0,0,0,0,0,0,0,0,0,0,0,0,0,47.25,32.4,115.6
0,4,0,0,0,0,0,0,0,0,48,0,0,0,0,0,0,0,0,0,0,0,0,0,0,0,0,0,0,0,0,0,0,0,0,0,0,0,0,0,0,0,0,0,0,0,48,32.4,113.7
0,8,0,0,25.3,0,0,0,0,0,6.9,0,0,0,0,0,0,0,0,0,0,0,0,0,0,0,0,9.2,0,0,0,0,0,0,0,0,0,0,0,0,7.59,0,0,0,0,0,43.01,32.3,91.6
0,24,0,0,0,0,0,0,20,0,0,0,0,0,0,0,0,0,0,0,0,0,0,0,0,0,0,0,0,0,0,0,0,36,0,0,0,0,0,0,0,0,0,20,0,0,0,32.2,77.6
0,7,0,0,0,0,0,0,0,0,46,0,0,0,0,0,0,0,0,0,0,0,0,0,0,0,0,0,0,0,0,0,0,0,0,0,0,0,0,0,0,0,0,3,0,0,44,32,107.7
0,10,0,0,0,0,0,0,0,0,15.4,0,0,0,0,0,0,0,0,0,0,0,0,0,0,5,0,12.6,0,0,0,0,0,0,0,0,0,0,0,0,0,0,0,0,0,0,57,32,112.1
0,0,0,0,0,0,0,0,0,0,51,0,0,0,0,0,0,0,0,0,0,0,0,0,0,0,0,0,0,0,0,0,0,0,0,0,0,0,0,0,8,0,0,0,0,0,41,31.9,118.8
0,0,0,0,26.75,0,0,0,0,0,8.25,0,0,0,0,0,0,0,0,0,0,0,0,0,0,0,0,0,0,0,0,0,0,0,0,0,0,0,0,0,30,0,0,0,0,0,35,31.8,111.4
0,10,0,0,0,0,0,0,0,0,17.9,0,0,0,0,0,0,0,0,0,0,0,0,0,0,0,0,14.6,0,0,0,0,0,0,0,0,0,0,0,0,5,0,0,0,0,0,52.5,31.8,113.7
0,10,0,0,0,0,0,0,0,0,30,0,0,0,0,0,0,0,0,0,0,0,0,0,0,0,0,5,0,0,0,0,0,0,0,0,0,0,0,0,0,0,0,0,0,0,55,31.7,109.9
0,0,0,0,0,0,0,0,0,0,53.018,0,0,0,0,0,0,0,0,0,0,0,0,0,0,0,0,0,0,0,0,0,0,0,0,0,0,0,0,0,7.546,0,0,2,0,0,37.436,31.6,114.2
0,14.4,0,0,0,0,0,0,0,0,19.2,0,0,0,0,0,0,0,0,0,0,0,0,0,0,0,0,9.6,0,0,0,0,0,0,0,0,0,0,0,0,0,0,0,4,0,0,52.8,31.5,104.8
0,10,0,0,0,0,0,0,0,0,20,0,0,0,0,0,0,0,0,0,0,0,0,0,0,0,0,12,0,0,0,0,0,0,0,0,0,0,0,0,5,0,0,0,0,0,53,31.3,101.2
0,0,0,0,0,0,0,0,0,0,50,0,0,0,0,0,0,0,0,0,0,0,0,0,0,0,0,0,0,0,0,0,0,0,0,0,0,0,0,0,0,0,0,0,0,0,50,31.3,112.3
0,6.72,0,0,0,0,0,0,0,4,44.16,0,0,0,0,0,0,0,0,0,0,0,0,0,0,0,0,0,0,0,0,0,0,0,0,0,0,0,0,0,0,0,0,4.8,0,0,40.32,31.2,114.3
0,25,0,0,0,0,0,0,20,0,0,0,0,0,0,0,0,0,0,0,0,45,0,0,0,0,0,0,0,0,0,0,0,0,0,0,0,0,0,0,0,0,0,10,0,0,0,31.1,112.3
0,10,0,0,0,0,0,0,0,0,14,0,0,0,0,0,0,0,0,0,0,0,0,0,0,3,0,13,0,0,0,0,0,0,0,0,0,0,0,0,0,0,0,0,0,0,60,31.1,
3.5,0,0,0,0,0,0,0,0,0,0,0,0,0,0,2,0,0,0,0,0,0,0,0,0,0,0,0,6,0,79,0,0,0,9.5,0,0,0,0,0,0,0,0,0,0,0,0,31,172
0,12,0,0,0,0,0,0,0,0,28,0,0,0,0,0,0,0,0,0,0,0,0,0,0,0,0,0,0,0,0,0,0,0,0,0,0,0,0,0,0,0,0,0,0,0,60,30.7,106.5
0,25,0,0,0,0,0,0,20,0,0,0,0,0,0,0,0,0,0,0,0,55,0,0,0,0,0,0,0,0,0,0,0,0,0,0,0,0,0,0,0,0,0,0,0,0,0,30.6,69.2
0,25,0,0,0,0,0,0,10,0,0,0,0,0,0,0,0,0,0,0,0,0,0,0,0,0,0,10,0,0,0,0,0,0,0,0,0,0,0,0,0,40,0,15,0,0,0,30.4,68.7
0,10,0,0,0,0,0,0,0,0,15,0,0,0,0,0,0,0,0,0,0,0,0,0,0,0,0,10,0,0,0,0,0,0,0,0,0,0,0,0,0,0,0,0,0,0,65,30.3,
0,12,0,0,0,0,0,0,0,0,25,0,0,0,0,0,0,0,0,0,0,0,0,0,0,0,0,0,0,0,0,0,0,0,0,0,0,0,0,0,2,0,0,0,0,0,61,30.2,109.7
0,10,0,0,0,0,0,0,0,0,17.9,0,0,0,0,0,0,0,0,0,0,0,0,0,0,5,0,14.6,0,0,0,0,0,0,0,0,0,0,0,0,0,0,0,0,0,0,52.5,30.2,104.1
0,10,0,0,0,0,0,0,0,0,20,0,0,0,0,0,0,0,0,0,0,0,0,0,0,0,0,8,0,0,0,0,0,0,0,0,0,0,0,0,5,0,0,0,0,0,57,30.1,99.8
0,7.9,0,0,0,0,0,0,0,0,16.3,0,0,0,0,0,0,0,0,0,0,0,0,0,0,0,0,12.8,0,0,0,0,0,0,0,0,2,0,0,0,0,0,0,0,0,0,61,30.1,99.2
0,25,0,0,0,0,0,0,20,0,0,0,0,0,0,0,0,0,0,0,0,39,0,0,0,0,0,0,0,0,0,0,0,0,0,0,0,0,0,0,0,0,0,16,0,0,0,30,108.2
0,9.9,0,1,0,0,0,0,0,0,14.85,0,0,0,0,0,0,0,0,0,0,0,0,0,0,8.91,0,10.89,0,0,0,0,0,0,0,0,0,0,0,0,0,0,0,0,0,0,54.45,30,71.3
0,9.9,0,0,0,0,0,0,0,0,29.7,0,0,0,0,0,0,0,0,0,0,0,0,0,0,0,0,4.95,0,0,0,0,0,0,0,0,0,0,0,0,0,0,0,1,0,0,54.45,30,108
0,10,0,0,0,0,0,0,0,0,19.35,0,0,0,0,0,0,0,0,0,0,0,0,0,0,0,0,10.125,0,0,0,0,0,0,0,0,0,0,0,0,0,0,0,0,0,0,60.525,29.8,102.1
0,7.9,0,0,0,0,0,0,0,0,15.8,0,0,0,0,0,0,0,0,0,0,0,0,0,0,0,0,12.8,0,0,0,0,0,0,0,0,2.5,0,0,0,0,0,0,0,0,0,61,29.8,109
0,10,0,0,0,0,0,0,0,0,17.55,0,0,0,0,0,0,0,0,0,0,0,0,0,0,0,0,10.125,0,0,0,0,0,0,0,0,0,0,0,0,0,0,0,0,0,0,62.325,29.5,108.4
0,25,0,0,0,0,0,0,20,0,0,0,0,0,0,0,0,0,0,0,0,0,0,0,0,0,0,0,0,0,0,0,0,0,0,0,0,0,0,0,0,39,0,16,0,0,0,29.4,66.1
0,10,0,0,0,0,0,0,0,0,18,0,0,0,0,0,0,0,0,0,0,0,0,0,0,0,0,10.12,0,0,0,0,0,0,0,0,0,0,0,0,0,0,0,0,0,0,61.88,29.3,107.7
9.7,8.9,0,0,0,0,0,0,0,0,10.2,0,0,10.2,0,0,0,0,0,0,0,0,0,0,0,0,0,0,0,0,0,0,0,0,0,0,0,0,0,0,0,0,0,0,0,0,61,29.2,
0,7,0,0,0,0,0,0,0,0,46,0,0,0,0,0,0,0,0,0,0,0,0,0,0,0,0,0,0,0,0,0,0,0,0,0,0,0,0,0,0,0,0,5,0,0,42,29.1,106.8
0,10,0,0,0,0,0,0,0,0,15.4,0,0,0,0,0,0,0,0,0,0,0,0,0,0,0,0,12.6,0,0,0,0,0,0,0,0,0,0,0,0,0,0,0,0,0,0,62,28.9,109
0,7.9,0,0,0,0,0,0,0,0,18.3,0,0,0,0,0,0,0,0,0,0,0,0,0,0,0,0,12.8,0,0,0,0,0,0,0,0,0,0,0,0,0,0,0,0,0,0,61,28.9,101.4
0,7.9,0,0,0,0,0,0,0,0,17.8,0,0,0,0,0,0,0,0,0,0,0,0,0,0,0,0,12.8,0,0,0,0,0,0,0,0,0.5,0,0,0,0,0,0,0,0,0,61,28.8,101.3
0,10,0,0,0,0,0,0,0,0,15.75,0,0,0,0,0,0,0,0,0,0,0,0,0,0,0,0,10.12,0,0,0,0,0,0,0,0,0,0,0,0,0,0,0,0,0,0,64.13,28.5,106.6
0,10,0,0,0,0,0,0,0,0,14.85,0,0,0,0,0,0,0,0,0,0,0,0,0,0,0,0,10.125,0,0,0,0,0,0,0,0,0,0,0,0,0,0,0,0,0,0,65.025,28.4,104.4
0,7.9,0,0,0,0,0,0,0,0,16.8,0,0,0,0,0,0,0,0,0,0,0,0,0,0,0,0,12.8,0,0,0,0,0,0,0,0,1.5,0,0,0,0,0,0,0,0,0,61,28.4,92.9
0,0,0,0,0,0,0,0,0,0,0,0,0,0,0,0,0,0,0,0,0,0,0,0,0,0,0,0,20,0,80,0,0,0,0,0,0,0,0,0,0,0,0,0,0,0,0,28.2,109.7
0,10,0,0,5,0,0,0,0,0,15,0,0,0,0,0,0,0,0,0,0,0,0,0,0,0,0,10,0,0,0,0,0,0,0,0,0,0,0,0,0,0,0,0,0,0,60,28.2,160
0,7.9,0,0,0,0,0,0,0,0,17.3,0,0,0,0,0,0,0,0,0,0,0,0,0,0,0,0,12.8,0,0,0,0,0,0,0,0,1,0,0,0,0,0,0,0,0,0,61,28.2,102.6
0,25,0,0,0,0,0,0,20,0,0,0,0,0,0,0,0,0,0,0,0,0,0,0,0,0,0,0,0,0,0,0,0,0,0,0,0,0,0,0,0,40,0,0,0,0,15,28,68.1
0,9,0,0,0,0,0,0,0,0,16.66666667,0,0,0,0,0,0,0,0,0,0,0,0,0,0,0,0,8.333333333,0,0,0,0,0,0,0,0,0,0,0,0,0,0,0,0,0,0,66,27.8,98.2
0,9.766666667,0,0,0,0,0,0,0,0,9.766666667,0,0,0,0,0,0,0,0,0,0,0,0,0,0,35.35,0,9.766666667,0,0,0,0,0,0,0,0,0,0,0,0,0,0,0,0,0,0,35.35,27.6,105.8
0,25,0,0,0,0,0,0,20,0,0,0,0,0,0,0,0,0,0,0,0,0,0,0,0,0,0,0,0,0,0,0,0,0,0,0,0,0,0,0,0,45,0,10,0,0,0,27.3,62.3
0,25,0,0,0,0,0,0,20,0,0,0,55,0,0,0,0,0,0,0,0,0,0,0,0,0,0,0,0,0,0,0,0,0,0,0,0,0,0,0,0,0,0,0,0,0,0,27.1,60.7
0,24,0,0,0,0,0,0,20,0,0,0,50,0,0,0,0,0,0,0,0,0,0,0,0,0,0,0,0,0,0,0,0,0,0,0,0,0,0,0,0,0,0,6,0,0,0,27,65.1
0,8,0,0,0,0,0,0,0,0,16,0,0,0,0,0,0,0,0,0,0,0,0,0,0,0,0,8,0,0,0,0,0,0,0,0,0,0,0,0,0,0,0,0,0,0,68,26.8,102.2
0,24,0,0,0,0,0,0,20,0,0,0,36,0,0,0,0,0,0,0,0,0,0,0,0,0,0,0,0,0,0,0,0,0,0,0,0,0,0,0,0,0,0,20,0,0,0,26.6,63.8
5.5,0,49,0,0,0,0,0,0,0,26.9,0,0,0,0,0,0,0,0,0,0,0,0,0,0,0,0,0,0,0,2.3,0,0,0,16.3,0,0,0,0,0,0,0,0,0,0,0,0,26.5,132.3
0,9.066666667,0,0,0,0,0,0,0,0,9.066666667,0,0,0,0,0,0,0,0,0,0,0,0,0,0,36.4,0,9.066666667,0,0,0,0,0,0,0,0,0,0,0,0,0,0,0,0,0,0,36.4,26.4,106.2
0,25,0,0,0,0,0,0,20,0,0,0,0,0,0,0,0,39,0,0,0,0,0,0,0,0,0,0,0,0,0,0,0,0,0,0,0,0,0,0,0,0,0,16,0,0,0,26.2,63.6
0,24,0,0,0,0,0,0,20,0,0,0,0,0,0,0,0,30,0,0,0,0,0,0,0,0,0,0,0,0,0,0,0,0,0,0,0,0,0,0,0,0,0,26,0,0,0,25.9,63
0,8.866666667,0,0,0,0,0,0,0,0,8.866666667,0,0,0,0,0,0,0,0,0,0,0,0,0,0,36.7,0,8.866666667,0,0,0,0,0,0,0,0,0,0,0,0,0,0,0,0,0,0,36.7,25.9,96.7
0,25,0,0,0,0,0,0,20,0,0,0,0,0,0,0,0,0,0,0,0,0,0,0,0,0,0,0,0,0,0,0,0,0,0,0,0,0,0,0,0,27.5,0,27.5,0,0,0,25.8,61.9
0,25,0,0,0,0,0,0,20,0,0,0,0,0,0,0,0,0,0,0,0,0,0,0,0,0,0,0,0,0,0,0,0,0,0,0,0,0,0,0,0,55,0,0,0,0,0,25.6,62
0,25,0,0,0,0,0,0,20,0,0,0,0,0,0,0,0,55,0,0,0,0,0,0,0,0,0,0,0,0,0,0,0,0,0,0,0,0,0,0,0,0,0,0,0,0,0,25.4,58.8
0,7,0,0,0,0,0,0,0,0,15.33333333,0,0,0,0,0,0,0,0,0,0,0,0,0,0,0,0,7.666666667,0,0,0,0,0,0,0,0,0,0,0,0,0,0,0,0,0,0,70,25.4,112.5
0,22,0,0,0,0,0,0,22,0,0,0,0,0,0,0,0,40,0,0,0,0,0,0,0,0,0,0,0,0,0,0,0,0,0,0,0,0,0,0,0,0,0,16,0,0,0,25.3,60.7
0,24,0,0,0,0,0,0,18,0,0,46,0,2,0,0,0,0,0,0,0,0,0,0,0,0,0,0,0,0,0,0,0,0,0,0,0,0,0,0,0,0,0,10,0,0,0,24.4,58.5
0,24,0,0,0,0,0,0,20,0,0,0,0,0,0,0,0,0,0,0,0,0,0,0,0,0,0,0,0,0,0,0,0,0,0,0,0,0,0,36,0,0,0,20,0,0,0,24,60.5
10,0,0,0,0,0,0,0,0,0,25,0,0,0,10,0,0,0,0,0,0,0,55,0,0,0,0,0,0,0,0,0,0,0,0,0,0,0,0,0,0,0,0,0,0,0,0,23.6,53.5
0,24,0,0,0,0,0,0,20,0,0,0,0,0,40,0,0,0,0,0,0,0,0,0,0,0,0,0,0,0,0,0,0,0,0,0,0,0,0,0,0,0,0,16,0,0,0,23.5,58
0,24,0,0,0,0,0,0,20,0,0,0,0,0,36,0,0,0,0,0,0,0,0,0,0,0,0,0,0,0,0,0,0,0,0,0,0,0,0,0,0,0,0,20,0,0,0,23.5,52.2
0,25,0,0,0,0,0,0,20,0,0,55,0,0,0,0,0,0,0,0,0,0,0,0,0,0,0,0,0,0,0,0,0,0,0,0,0,0,0,0,0,0,0,0,0,0,0,23.5,57.2
0,24,0,0,0,0,0,0,20,0,0,0,0,0,51,0,0,0,0,0,0,0,0,0,0,1,0,0,0,0,0,0,0,0,0,0,0,0,0,0,0,0,0,0,0,0,4,23.3,60.1
0,25,0,0,0,0,0,0,20,0,0,0,0,0,0,0,0,0,0,0,0,0,0,0,0,0,0,0,0,0,0,0,0,0,0,0,0,0,0,55,0,0,0,0,0,0,0,22.8,50.2
0,25,0,0,0,0,0,0,20,0,0,0,0,0,0,0,0,0,0,0,0,0,0,0,0,0,0,0,0,0,0,0,0,0,0,40,0,0,0,0,0,0,0,15,0,0,0,21.6,54.7
0,0,0,0,0,0,0,0,0,0,27,0,0,0,0,0,0,0,0,0,0,0,58,0,0,0,0,0,0,0,0,0,0,0,0,0,0,0,0,0,0,0,0,10,0,5,0,21.3,44.8
0,0,0,0,0,0,0,0,0,0,31,0,0,0,0,0,0,0,0,0,0,0,57,0,0,0,5.4,0,0,0,0,0,0,0,0,0,0,0,0,0,0,0,0,6.6,0,0,0,20.7,48.3
7,0,0,0,0,0,0,0,0,0,28,0,0,0,0,0,0,0,0,0,0,0,54,0,0,0,0,0,0,0,0,0,0,0,0,0,0,0,0,0,0,0,0,11,0,0,0,20.6,54.3
0,0,0,0,0,0,0,0,0,0,25,0,0,0,10,0,0,0,0,0,0,0,60,0,0,0,0,0,0,0,0,0,0,0,0,0,0,0,0,0,0,0,0,0,0,5,0,20.6,52
14,0,0,0,0,0,0,0,0,0,21,0,0,0,0,0,0,0,0,0,0,0,56,0,0,0,0,0,0,0,0,0,0,0,0,0,0,0,0,0,0,0,0,9,0,0,0,20.6,46.7
0,0,0,0,0,0,0,0,0,0,34,0,0,0,0,0,0,0,0,0,0,0,57,0,0,0,9,0,0,0,0,0,0,0,0,0,0,0,0,0,0,0,0,0,0,0,0,20.5,50.7
0,0,0,0,0,0,0,0,0,0,30.5,0,0,0,0,0,0,0,0,0,0,0,58.5,0,0,0,0,0,0,0,0,0,0,0,0,0,0,0,0,0,0,0,0,11,0,0,0,20.4,49.4
5.6,0,0,0,0,0,0,0,0,0,22.4,0,0,0,0,0,0,0,0,0,0,0,61,0,0,0,0,0,0,0,0,0,0,0,0,0,0,0,0,0,0,0,0,11,0,0,0,20.1,48.9
0,0,0,0,0,0,0,0,0,0,26,0,0,0,0,0,0,0,0,0,0,0,63,0,0,0,0,0,0,0,0,0,0,0,0,0,0,0,0,0,0,0,0,11,0,0,0,20,47
0,0,0,0,0,0,0,0,0,0,25,0,0,0,15,0,0,0,0,0,0,0,60,0,0,0,0,0,0,0,0,0,0,0,0,0,0,0,0,0,0,0,0,0,0,0,0,19.9,46.6
0,0,0,0,0,0,0,0,0,0,24.75,0,0,0,9.9,0,0,0,0,0,0,0,64.35,0,0,0,0,0,0,0,0,0,0,0,0,0,0,0,0,0,1,0,0,0,0,0,0,19.9,45.4
0,0,0,0,0,0,0,0,0,0,24.25,0,0,0,9.7,0,0,0,0,0,0,0,63.05,0,0,0,0,0,0,0,0,0,0,0,0,0,3,0,0,0,0,0,0,0,0,0,0,19.9,47.8
0,0,0,0,0,0,0,0,0,0,23.75,0,0,0,9.5,0,0,0,0,0,0,0,61.75,0,0,0,0,0,0,0,0,0,0,0,0,0,0,0,0,0,5,0,0,0,0,0,0,19.8,48.3
0,0,0,0,0,0,0,0,0,0,28,0,0,0,11,0,0,0,0,0,0,0,61,0,0,0,0,0,0,0,0,0,0,0,0,0,0,0,0,0,0,0,0,0,0,0,0,19.8,47.6
6.6,0,0,0,0,0,0,0,0,0,22.9,0,0,0,11,0,0,0,0,0,0,0,59.5,0,0,0,0,0,0,0,0,0,0,0,0,0,0,0,0,0,0,0,0,0,0,0,0,19.8,44.6
0,0,0,0,0,0,0,0,0,0,25,0,0,0,0,0,0,0,0,0,0,0,65,0,0,0,0,0,0,0,0,0,0,0,0,0,0,0,0,10,0,0,0,0,0,0,0,19.6,44.7
0,0,0,0,0,0,0,0,0,0,24.75,0,0,0,9.9,0,0,0,0,0,0,0,64.35,0,0,0,0,0,0,0,0,0,0,0,0,0,1,0,0,0,0,0,0,0,0,0,0,19.4,44.9
0,0,0,0,0,0,0,0,0,0,25,0,0,0,0,0,0,0,0,0,0,0,65,0,0,0,0,0,0,0,0,0,0,0,0,0,0,0,0,10,0,0,0,0,0,0,0,19.4,45.8
0,0,0,0,0,0,0,0,0,0,25,0,0,0,10,0,0,0,0,0,0,0,65,0,0,0,0,0,0,0,0,0,0,0,0,0,0,0,0,0,0,0,0,0,0,0,0,19.3,45.1
0,10,0,0,0,0,0,0,0,0,0,0,0,20,0,0,0,0,0,0,0,0,0,0,0,0,0,10,0,0,0,60,0,0,0,0,0,0,0,0,0,0,0,0,0,0,0,19.2,41.6
0,0,0,0,0,0,0,0,0,0,24.25,0,0,0,9.7,0,0,0,0,0,0,0,63.05,0,0,0,0,0,0,0,0,0,0,0,0,0,0,0,0,0,3,0,0,0,0,0,0,19.1,44.1
0,15,0,0,0,0,0,60,0,0,10,0,0,0,0,0,0,0,0,0,0,0,0,0,0,0,0,15,0,0,0,0,0,0,0,0,0,0,0,0,0,0,0,0,0,0,0,18.7,42.5
0,10,0,0,0,0,0,0,0,0,2,0,0,18,0,0,0,0,0,0,0,0,0,0,0,0,0,10,0,0,0,60,0,0,0,0,0,0,0,0,0,0,0,0,0,0,0,18.7,36.6
0,12,0,0,0,0,0,0,0,0,3,0,0,30,0,0,0,0,0,0,0,0,0,0,0,0,0,0,0,0,0,55,0,0,0,0,0,0,0,0,0,0,0,0,0,0,0,18.2,41.4
0,10,0,0,0,0,0,0,0,0,5,0,0,15,0,0,0,0,0,0,0,0,0,0,0,0,0,10,0,0,0,60,0,0,0,0,0,0,0,0,0,0,0,0,0,0,0,17.9,44.8
0,0,0,0,0,0,0,0,0,0,0,0,0,0,0,0,0,0,0,0,0,0,64,0,0,0,15,21,0,0,0,0,0,0,0,0,0,0,0,0,0,0,0,0,0,0,0,17.9,45.3
0,10,0,0,0,0,0,64.8,0,0,25.2,0,0,0,0,0,0,0,0,0,0,0,0,0,0,0,0,0,0,0,0,0,0,0,0,0,0,0,0,0,0,0,0,0,0,0,0,17.7,34.3
0,25,0,0,0,0,0,0,20,0,0,0,0,0,0,0,0,0,0,0,0,0,0,0,0,0,0,0,0,0,0,55,0,0,0,0,0,0,0,0,0,0,0,0,0,0,0,17.4,43.5
0,25,0,0,0,0,0,0,0,0,14.3,0,0,0,0,0,0,0,0,0,0,0,0,0,0,0,0,5.7,0,0,0,55,0,0,0,0,0,0,0,0,0,0,0,0,0,0,0,17.2,46.6
0,10,0,0,0,0,0,0,0,0,10,0,0,10,0,0,0,0,0,0,0,0,0,0,0,0,0,10,0,0,0,60,0,0,0,0,0,0,0,0,0,0,0,0,0,0,0,17.2,48.2
0,10,0,0,0,0,0,0,0,0,12,0,0,8,0,0,0,0,0,0,0,0,0,0,0,0,0,10,0,0,0,60,0,0,0,0,0,0,0,0,0,0,0,0,0,0,0,16.8,47.7
0,20,0,0,0,0,0,0,0,0,17,0,0,0,0,0,0,0,0,0,0,0,0,0,0,0,0,8,0,0,0,55,0,0,0,0,0,0,0,0,0,0,0,0,0,0,0,16.1,42.3
0,25,0,0,0,0,0,0,5,0,10,0,0,0,0,0,0,0,0,55,0,0,0,0,0,0,0,5,0,0,0,0,0,0,0,0,0,0,0,0,0,0,0,0,0,0,0,15.5,44.4
0,25,0,0,0,0,0,0,20,0,0,0,0,0,0,0,0,0,0,55,0,0,0,0,0,0,0,0,0,0,0,0,0,0,0,0,0,0,0,0,0,0,0,0,0,0,0,15.4,39.4
0,20,0,0,0,0,0,0,20,0,0,0,0,0,0,0,0,0,0,60,0,0,0,0,0,0,0,0,0,0,0,0,0,0,0,0,0,0,0,0,0,0,0,0,0,0,0,14.5,39.2
0,20,0,0,0,0,0,60,0,0,20,0,0,0,0,0,0,0,0,0,0,0,0,0,0,0,0,0,0,0,0,0,0,0,0,0,0,0,0,0,0,0,0,0,0,0,0,14.3,43.2
0,10,0,0,0,0,0,0,0,0,14,0,0,6,0,0,0,0,0,0,0,0,0,0,0,0,0,10,0,0,0,60,0,0,0,0,0,0,0,0,0,0,0,0,0,0,0,14.3,33.5
0,15,0,0,0,0,0,0,0,0,17,0,0,0,0,0,0,0,0,0,0,0,0,0,0,0,0,8,0,0,0,60,0,0,0,0,0,0,0,0,0,0,0,0,0,0,0,14.2,44.3
0,10,0,0,0,0,0,54,0,0,21,0,0,15,0,0,0,0,0,0,0,0,0,0,0,0,0,0,0,0,0,0,0,0,0,0,0,0,0,0,0,0,0,0,0,0,0,14.1,35.7
0,10,0,0,0,0,0,0,0,0,16,0,0,4,0,0,0,0,0,0,0,0,0,0,0,0,0,10,0,0,0,60,0,0,0,0,0,0,0,0,0,0,0,0,0,0,0,14.1,42.6
0,10,0,0,0,0,0,0,0,0,18,0,0,2,0,0,0,0,0,0,0,0,0,0,0,0,0,10,0,0,0,60,0,0,0,0,0,0,0,0,0,0,0,0,0,0,0,14,43.2
0,17.5,0,0,0,0,0,0,0,0,12.45,0,0,0,0,0,0,0,0,57.6,0,0,0,0,0,0,0,12.45,0,0,0,0,0,0,0,0,0,0,0,0,0,0,0,0,0,0,0,13.9,41.3
0,10,0,0,0,0,0,61.2,0,0,23.8,0,0,5,0,0,0,0,0,0,0,0,0,0,0,0,0,0,0,0,0,0,0,0,0,0,0,0,0,0,0,0,0,0,0,0,0,13.9,35.7
0,10,0,0,0,0,0,0,0,0,20,0,0,0,0,0,0,0,0,0,0,0,0,0,0,0,0,10,0,0,0,60,0,0,0,0,0,0,0,0,0,0,0,0,0,0,0,13.6,45.2
0,14,0,0,0,0,0,0,0,0,10,0,0,0,0,0,0,0,0,66,0,0,0,0,0,0,0,10,0,0,0,0,0,0,0,0,0,0,0,0,0,0,0,0,0,0,0,13.4,34.9
0,0,0,0,0,0,50,0,0,0,30,0,0,0,0,0,0,0,0,0,0,0,20,0,0,0,0,0,0,0,0,0,0,0,0,0,0,0,0,0,0,0,0,0,0,0,0,12.6,29
0,14,0,0,0,0,0,0,0,0,11,0,0,0,0,0,0,0,0,64,0,0,0,0,0,0,0,11,0,0,0,0,0,0,0,0,0,0,0,0,0,0,0,0,0,0,0,12.5,39.1
0,10,0,0,0,0,0,68,0,0,20,0,0,2,0,0,0,0,0,0,0,0,0,0,0,0,0,0,0,0,0,0,0,0,0,0,0,0,0,0,0,0,0,0,0,0,0,12.3,31.6
0,0,0,0,0,0,48,0,0,0,25,0,0,0,0,0,0,0,0,0,0,0,27,0,0,0,0,0,0,0,0,0,0,0,0,0,0,0,0,0,0,0,0,0,0,0,0,12.2,18.8
0,10,0,0,0,0,0,0,2,0,20,0,0,0,0,0,0,0,0,68,0,0,0,0,0,0,0,0,0,0,0,0,0,0,0,0,0,0,0,0,0,0,0,0,0,0,0,12,38.8
0,10,0,0,0,0,0,68,0,0,20,0,0,0,0,0,0,0,0,0,0,0,0,0,0,0,0,2,0,0,0,0,0,0,0,0,0,0,0,0,0,0,0,0,0,0,0,12,31.8
0,10,0,0,0,0,0,47.6,2,0,20,0,0,0,0,0,0,0,0,20.4,0,0,0,0,0,0,0,0,0,0,0,0,0,0,0,0,0,0,0,0,0,0,0,0,0,0,0,11.9,32.9
0,10,0,0,0,0,0,68,2,0,20,0,0,0,0,0,0,0,0,0,0,0,0,0,0,0,0,0,0,0,0,0,0,0,0,0,0,0,0,0,0,0,0,0,0,0,0,11.8,30.3
0,10,0,0,0,0,0,69,1,0,20,0,0,0,0,0,0,0,0,0,0,0,0,0,0,0,0,0,0,0,0,0,0,0,0,0,0,0,0,0,0,0,0,0,0,0,0,11.7,30.1
0,10,0,0,0,0,0,68,0,0,20,0,0,0,0,0,0,0,0,0,0,0,0,0,0,2,0,0,0,0,0,0,0,0,0,0,0,0,0,0,0,0,0,0,0,0,0,11.7,31.1
0,10,0,0,0,0,0,20.4,2,0,20,0,0,0,0,0,0,0,0,47.6,0,0,0,0,0,0,0,0,0,0,0,0,0,0,0,0,0,0,0,0,0,0,0,0,0,0,0,11.6,34.3
0,10,0,0,0,0,0,34,2,0,20,0,0,0,0,0,0,0,0,34,0,0,0,0,0,0,0,0,0,0,0,0,0,0,0,0,0,0,0,0,0,0,0,0,0,0,0,11.6,35.3
0,10,0,0,0,0,0,54.4,2,0,20,0,0,0,0,0,0,0,0,13.6,0,0,0,0,0,0,0,0,0,0,0,0,0,0,0,0,0,0,0,0,0,0,0,0,0,0,0,11.6,31.8
0,10,0,0,0,0,0,65,0,0,10,0,0,0,0,0,0,0,0,0,0,0,0,0,0,5,0,10,0,0,0,0,0,0,0,0,0,0,0,0,0,0,0,0,0,0,0,11.6,29.8
0,10,0,0,0,0,0,69.5,0.5,0,20,0,0,0,0,0,0,0,0,0,0,0,0,0,0,0,0,0,0,0,0,0,0,0,0,0,0,0,0,0,0,0,0,0,0,0,0,11.6,31.3
0,10,0,0,0,0,0,69.8,0.2,0,20,0,0,0,0,0,0,0,0,0,0,0,0,0,0,0,0,0,0,0,0,0,0,0,0,0,0,0,0,0,0,0,0,0,0,0,0,11.5,27
0,10,0,0,0,0,0,70,0,0,10,0,0,0,0,0,0,0,0,0,0,0,0,0,0,0,0,10,0,0,0,0,0,0,0,0,0,0,0,0,0,0,0,0,0,0,0,11.5,31.2
0,10,0,0,0,0,0,13.6,2,0,20,0,0,0,0,0,0,0,0,54.4,0,0,0,0,0,0,0,0,0,0,0,0,0,0,0,0,0,0,0,0,0,0,0,0,0,0,0,11.3,35.1
0,10,0,0,0,0,0,70,0,0,20,0,0,0,0,0,0,0,0,0,0,0,0,0,0,0,0,0,0,0,0,0,0,0,0,0,0,0,0,0,0,0,0,0,0,0,0,11.3,29.2
0,10,0,0,0,0,0,6.8,2,0,20,0,0,0,0,0,0,0,0,61.2,0,0,0,0,0,0,0,0,0,0,0,0,0,0,0,0,0,0,0,0,0,0,0,0,0,0,0,11.2,34.4
0,10,0,0,0,0,0,27.2,2,0,20,0,0,0,0,0,0,0,0,40.8,0,0,0,0,0,0,0,0,0,0,0,0,0,0,0,0,0,0,0,0,0,0,0,0,0,0,0,11.2,35.8
0,0,0,0,0,0,55,0,0,0,20,0,0,0,0,0,0,0,0,0,0,0,25,0,0,0,0,0,0,0,0,0,0,0,0,0,0,0,0,0,0,0,0,0,0,0,0,10.8,22.6
0,0,0,0,0,0,0,0,0,0,5,0,0,0,0,0,0,0,0,0,0,0,17.5,0,0,0,0,0,0,0,0,0,0,0,0,0,0,0,0,0,0,0,0,0,62.5,15,0,10.4,19.8
0,0,0,0,0,0,0,0,0,0,10,0,0,0,0,0,0,0,0,0,0,0,20,0,0,0,0,0,0,0,0,0,0,0,0,0,0,50,0,0,0,0,0,0,0,20,0,9,20.2
0,0,0,0,0,0,65,0,0,0,0,0,0,0,0,0,0,0,0,0,9.69,0,8.31,0,0,0,0,0,0,0,0,0,0,0,0,0,0,0,0,0,0,0,0,0,0,17,0,9,18.5
0,0,0,0,0,0,65,0,0,0,0,0,0,0,0,0,0,0,0,0,9.96,0,8.54,0,0,0,0,0,0,0,0,0,0,0,0,0,0,0,0,0,0,0,0,0,0,16.5,0,9,17.1
0,0,0,0,0,0,20,0,0,0,0,0,0,0,0,0,0,0,0,0,0,0,20,0,0,0,0,0,0,0,0,0,0,0,0,0,0,20,0,0,0,0,0,0,20,20,0,8.9,17.5
0,0,0,0,0,0,0,0,0,0,5,0,0,0,0,0,0,0,0,0,0,0,20,0,0,0,0,0,0,0,0,0,0,0,0,0,0,40,0,0,0,0,0,0,20,15,0,7.9,17.6
0,0,0,0,0,0,0,0,0,0,5,0,0,0,0,0,0,0,0,0,0,0,20,0,0,0,0,0,0,0,0,0,0,0,0,0,0,60,0,0,0,0,0,0,0,15,0,7.8,15.3
0,0,0,0,0,0,0,0,0,0,0,0,0,0,0,0,0,0,0,0,0,0,18,0,0,0,0,0,0,0,0,0,0,0,0,0,0,60,0,0,0,0,0,0,0,22,0,7.7,14.6
0,0,0,0,0,0,0,0,0,0,0,0,0,0,0,0,0,0,0,0,5,0,15,0,0,0,0,0,0,0,0,0,0,0,0,0,0,60,0,0,0,0,0,0,0,20,0,7,16.1
0,0,0,0,0,0,20,0,0,0,0,0,0,0,0,0,0,0,0,0,11,0,9,0,0,0,0,0,0,0,0,0,0,0,0,0,0,20,0,0,0,0,0,0,20,20,0,6.3,12
